address,chain,name,category,tier,source,added_date,evidence,risk_flags,merge_policy,balance_policy,source_snapshot_at,verified_at,status,raw_labels
0x2a7f3d7486641c77600b9b9256132755c8aebb4f,robinhood,公共 bot 卖币执行合约（同模板；按 txfrom 穿透真实卖家）,bot-service,exclude,manual-addressbook,2026-07,address-book 实战核验,,,,,,,
0x2ca37ff95caf25366ef16fc2e655b78a165d125f,robinhood,"公共工具合约（12.5KB 未验证；""漏斗""定性前先 getCode）",bot-service,exclude,manual-addressbook,2026-07,address-book 实战核验,,,,,,,
0x2e9b3fc5e73221e8ac0da2a1d836bda0273eab7f,robinhood,App 交易路径中转（同秒入出，上游 RobinHoodSettler）,bot-service,exclude,manual-addressbook,2026-07-17,TRASH 增量核验：经它转入=App 内市场买入交付，共同上游≠关联,,,,,,,
0x3da66157309794822c1506702a9c966fd9612773,robinhood,原子中转小合约（同 tx 同额转发，假集群元凶）,bot-service,exclude,manual-addressbook,2026-07,address-book 实战核验,,,,,,,
0x48a097df16c7844a33b1c3d11ab353457846e13f,robinhood,路由/中转合约组,bot-service,exclude,manual-addressbook,2026-07,address-book 实战核验,,,,,,,
0x4e5ffb3bd801d9db9a98daee7d4293afd46da677,robinhood,路由/中转合约组,bot-service,exclude,manual-addressbook,2026-07,address-book 实战核验,,,,,,,
0x50ad1c820290c9cc694dd47b0a61323f4d163e7e,robinhood,路由/中转合约组,bot-service,exclude,manual-addressbook,2026-07,address-book 实战核验,,,,,,,
0x5d6395cde0e26aa97fcf3a8004439f29a9124d5c,robinhood,公共工具合约（21.6KB 未验证）,bot-service,exclude,manual-addressbook,2026-07,address-book 实战核验,,,,,,,
0x65050a9b7e5075a2ba5ced7b1b64ee66262c40dc,robinhood,公共狙击 bot 执行代理（1500+ 独立用户，共用≠关联）,bot-service,exclude,manual-addressbook,2026-07,address-book 实战核验,,,,,,,
0x68be5163fdd75ecad02aee1c9242e8afc8e95c8d,robinhood,公共 bot 卖币执行合约第三部署（同模板）,bot-service,exclude,manual-addressbook,2026-07,address-book 实战核验,,,,,,,
0x7b021ceb65edaf40ed73c51e78cf44ad4edf99a4,robinhood,路由/中转合约组,bot-service,exclude,manual-addressbook,2026-07,address-book 实战核验,,,,,,,
0x8f10b468b06c6fd214b65f87778827f7d113f996,robinhood,套利/路由 bot 原子中转（PM↔交付金库对倒，零驻留）,bot-service,exclude,manual-addressbook,2026-07-17,TRASH 增量核验,,,,,,,
0x9be3cc594a47d90148b9f65466c57600018d237c,robinhood,"公共 bot 卖币执行合约（""经同一合约出货""永不构成协同证据）",bot-service,exclude,manual-addressbook,2026-07,address-book 实战核验,,,,,,,
0xa58bdd0ab5ebbb8dc425090fea8fd0ba969c1668,robinhood,路由/中转合约组（100% 同 tx 进出）,bot-service,exclude,manual-addressbook,2026-07,address-book 实战核验,,,,,,,
0xa687b664662b96b180346d699a6d5b42e9b05d31,robinhood,聚合卖出路由/原子中转（549 上游→唯一下游 PM，余额恒 0）,bot-service,exclude,manual-addressbook,2026-07-17,TRASH 增量核验：转给它=同 tx 落池卖出，勿判私有漏斗,,,,,,,
0xb01ca24bd01be40ee950a8746cf7546134442049,robinhood,公共 swap bot 合约（双向；0.99 ETH 默认参数指纹≠同一运营者）,bot-service,exclude,manual-addressbook,2026-07,address-book 实战核验,,,,,,,
0xb0999731f7c2581844658a9d2ced1be0077b7397,robinhood,"公共 bot 服务费收集地址（""共同下游""不构成关联）",bot-service,exclude,manual-addressbook,2026-07,address-book 实战核验,,,,,,,
0xd7aaa32920ebca1ef9b9bc684f519da56b37503d,robinhood,公共卖币执行合约（66 txfrom 同 tx 等额进出落池）,bot-service,exclude,manual-addressbook,2026-07,BEGGAR 核验 2026-07-17,,,,,,,
0xe492912f37c2a4eca45d42dc67548f4c6cd7ce2b,robinhood,买入代理合约（IN 全来自 PoolManager、OUT 分发 300+ 址）,bot-service,exclude,manual-addressbook,2026-07,address-book 实战核验,,,,,,,
0x1d187c3e2da52d72bc9c41e3aba0fdfa6a7bf055,robinhood,Robinhood 官方桥 L2 Weth Gateway,bridge,exclude,manual-rhdocs,2026-07-16,docs.robinhood.com/chain 官方合约页,,,,,,,
0x1e324b9316138ca9a73f960213621ad1aaf01b89,robinhood,Robinhood 官方桥 L2 Gateway Router,bridge,exclude,manual-rhdocs,2026-07-16,docs.robinhood.com/chain 官方合约页,,,,,,,
0x4cd00e387622c35bddb9b4c962c136462338bc31,robinhood,RelayDepository（Relay 桥存款库；depositNative=跨链离场断头）,bridge,exclude,manual-addressbook,2026-07-17,TRASH 增量核验：创建者利润经 23 跳板归集离场通道,,,,,,,
0x56c262027e0de4aea31d2489529cb25d23e58a8b,robinhood,Relay 桥 solver 热钱包 #3（供gas/代发/交付，假共同金主头号源）,bridge,exclude,manual-addressbook+curation+registry-official,2026-07,api.relay.link/chains solverAddresses 字段官方 API 亲验 2026-07-17；getCode EOA亲验 2026-07-17,,,,,2026-07-17,,
0x78680385fcb8187ac1b28e0d6b1e0acf5e0d0992,robinhood,CCIP 桥出收集通道（收币→同链 burn；转给它=桥出回主链）,bridge,exclude,manual-addressbook,2026-07,address-book 实战核验,,,,,,,
0x912285144fc0f6e89d3ed16f5ab72f87a1878959,robinhood,Robinhood 官方桥 L2 Arb-Custom Gateway,bridge,exclude,manual-rhdocs,2026-07-16,docs.robinhood.com/chain 官方合约页,,,,,,,
0xa67d7eb4dc68fa6ce8e34ef8cadaf075b9893fbb,robinhood,Relay 桥 solver 热钱包 #2（供gas/代发/交付，假共同金主头号源）,bridge,exclude,manual-addressbook+curation+registry-official,2026-07,api.relay.link/chains solverAddresses 字段官方 API 亲验 2026-07-17；getCode EOA亲验 2026-07-17,,,,,2026-07-17,,
0xabb2acd3be814a80e502575d6c1dc5f789e9cd10,robinhood,Relay 桥 solver 热钱包 #4（供gas/代发/交付，假共同金主头号源）,bridge,exclude,manual-addressbook+curation+registry-official,2026-07,api.relay.link/chains solverAddresses 字段官方 API 亲验 2026-07-17；getCode EOA亲验 2026-07-17,,,,,2026-07-17,,
0xada5bb90d0de0bd1b6f3938708f49295a8d1f7cb,robinhood,Relay 桥 solver 热钱包 #5（供gas/代发/交付，假共同金主头号源）,bridge,exclude,registry-official,2026-07-17,api.relay.link/chains solverAddresses 字段官方 API 亲验 2026-07-17；getCode EOA亲验 2026-07-17,,,,,2026-07-17,,
0xb477751b76cf82d00a686a1232f5fcd772414af3,robinhood,LiFiDiamond（跨链聚合路由，原子过手）,bridge,exclude,manual-addressbook,2026-07,address-book 实战核验,,,,,,,
0xb92fe925dc43a0ecde6c8b1a2709c170ec4fff4f,robinhood,Relay/App 代币交付金库（双向：入=市场买入；转给它=同 tx 原子落池卖出）,bridge,exclude,manual-addressbook,2026-07,address-book 实战核验,,,,,,,
0xcdca5d374e46a6dddab50bd2d9acb8c796ec35c3,robinhood,Chainlink CCIP OffRamp（桥入代币统一 txto）,bridge,exclude,manual-addressbook,2026-07,address-book 实战核验,,,,,,,
0xd29c85f15df544ba632c9e25829fd29d767d7978,robinhood,Across 桥 Universal_SpokePool（跨链入金通道之三）,bridge,exclude,manual-addressbook,2026-07,address-book 实战核验,,,,,,,
0xf70da97812cb96acdf810712aa562db8dfa3dbef,robinhood,Relay 桥 solver 热钱包 #1（供gas/代发/交付，假共同金主头号源）,bridge,exclude,manual-addressbook+curation+registry-official,2026-07,api.relay.link/chains solverAddresses 字段官方 API 亲验 2026-07-17；getCode EOA亲验 2026-07-17,,,,,2026-07-17,,
0xfd9b17206278c16ddaacf6ac8f05dbf97edcb31e,robinhood,Robinhood 官方桥 L2 ERC20 Gateway,bridge,exclude,manual-rhdocs,2026-07-16,docs.robinhood.com/chain 官方合约页,,,,,,,
0x0000000000000000000000000000000000000000,robinhood,零地址（burn/mint 对手方）,burn,exclude,manual-addressbook,2026-07,协议常识,,,,,,,
0x000000000000000000000000000000000000dead,robinhood,dead 销毁地址,burn,exclude,manual-addressbook,2026-07,协议常识,,,,,,,
0x0000000000000000000000000000000000000064,robinhood,Arbitrum Orbit 预编译: ArbSys,infra,exclude,manual-rhdocs,2026-07-16,docs.robinhood.com/chain 官方合约页,,,,,,,
0x0000000000000000000000000000000000000065,robinhood,Arbitrum Orbit 预编译: ArbInfo,infra,exclude,manual-rhdocs,2026-07-16,docs.robinhood.com/chain 官方合约页,,,,,,,
0x0000000000000000000000000000000000000066,robinhood,Arbitrum Orbit 预编译: ArbAddressTable,infra,exclude,manual-rhdocs,2026-07-16,docs.robinhood.com/chain 官方合约页,,,,,,,
0x0000000000000000000000000000000000000068,robinhood,Arbitrum Orbit 预编译: ArbFunctionTable,infra,exclude,manual-rhdocs,2026-07-16,docs.robinhood.com/chain 官方合约页,,,,,,,
0x000000000000000000000000000000000000006b,robinhood,Arbitrum Orbit 预编译: ArbOwnerPublic,infra,exclude,manual-rhdocs,2026-07-16,docs.robinhood.com/chain 官方合约页,,,,,,,
0x000000000000000000000000000000000000006c,robinhood,Arbitrum Orbit 预编译: ArbGasInfo,infra,exclude,manual-rhdocs,2026-07-16,docs.robinhood.com/chain 官方合约页,,,,,,,
0x000000000000000000000000000000000000006d,robinhood,Arbitrum Orbit 预编译: ArbAggregator,infra,exclude,manual-rhdocs,2026-07-16,docs.robinhood.com/chain 官方合约页,,,,,,,
0x000000000000000000000000000000000000006e,robinhood,Arbitrum Orbit 预编译: ArbRetryableTx,infra,exclude,manual-rhdocs,2026-07-16,docs.robinhood.com/chain 官方合约页,,,,,,,
0x000000000000000000000000000000000000006f,robinhood,Arbitrum Orbit 预编译: ArbStatistics,infra,exclude,manual-rhdocs,2026-07-16,docs.robinhood.com/chain 官方合约页,,,,,,,
0x0000000000000000000000000000000000000070,robinhood,Arbitrum Orbit 预编译: ArbOwner,infra,exclude,manual-rhdocs,2026-07-16,docs.robinhood.com/chain 官方合约页,,,,,,,
0x0000000000000000000000000000000000000071,robinhood,Arbitrum Orbit 预编译: ArbWasm,infra,exclude,manual-rhdocs,2026-07-16,docs.robinhood.com/chain 官方合约页,,,,,,,
0x0000000000000000000000000000000000000072,robinhood,Arbitrum Orbit 预编译: ArbWasmCache,infra,exclude,manual-rhdocs,2026-07-16,docs.robinhood.com/chain 官方合约页,,,,,,,
0x00000000000000000000000000000000000000c8,robinhood,Arbitrum Orbit 预编译: NodeInterface,infra,exclude,manual-rhdocs,2026-07-16,docs.robinhood.com/chain 官方合约页,,,,,,,
0x000000000022d473030f116ddee9f6b43ac78ba3,robinhood,Permit2（Uniswap canonical，全链同址）,infra,exclude,manual-rhdocs,2026-07-16,canonical CREATE2 部署,,,,,,,
0x0000000071727de22e5e9d8baf0edac6f37da032,robinhood,ERC-4337 EntryPoint v0.7（跨链同址）,infra,exclude,manual-addressbook,2026-07,address-book 实战核验,,,,,,,
0x017062a1de2fe6b99be3d9d37841fed19f573804,robinhood,Safe v1.3.0 CompatibilityFallbackHandler（eip155 部署）,infra,exclude,registry-official,2026-07-17,safe-global/safe-deployments 官方 registry + getCode 亲验 2026-07-17；Safe 官方部署家族,,,,,2026-07-17,,
0x1887fa9edadeab7562b01cc3f4fa246ace2c3cdd,robinhood,公共提款热钱包（App 托管出金通道；时均 ~50 收款人）,infra,exclude,manual-addressbook,2026-07,Pointless/CASHCAT 三次核验；据它建的聚类一律作废,,,,,,,
0x243a17063102c29fb60aa930db199d4b73ab8a37,robinhood,公共热钱包/托管结算设施（大户转给它=经它卖出/托管过手，勿判私人分仓）,infra,exclude,manual-addressbook,2026-07-17,Pointless 二次增量核验：8万+笔高频,,,,,,,
0x29fcb43b46531bca003ddc8fcb67ffe91900c762,robinhood,Safe v1.4.1 SafeL2（canonical 部署）,infra,exclude,registry-official,2026-07-17,safe-global/safe-deployments 官方 registry + getCode 亲验 2026-07-17；Safe 官方部署家族,,,,,2026-07-17,,
0x2cac2d899ecc914d704feaae33ac1bf36277dad1,robinhood,Robinhood L2 Multicall,infra,exclude,manual-rhdocs,2026-07-16,docs.robinhood.com/chain 官方合约页,,,,,,,
0x38869bf66a61cf6bdb996a6ae40d5853fd43b526,robinhood,Safe v1.4.1 MultiSend（canonical 部署）,infra,exclude,registry-official,2026-07-17,safe-global/safe-deployments 官方 registry + getCode 亲验 2026-07-17；MultiSend=批量分发通道（缝假集群高危）,,,,,2026-07-17,,
0x3e5c63644e683549055b9be8653de26e0b4cd36e,robinhood,Safe v1.3.0 GnosisSafeL2（canonical 部署）,infra,exclude,registry-official,2026-07-17,safe-global/safe-deployments 官方 registry + getCode 亲验 2026-07-17；Safe 官方部署家族,,,,,2026-07-17,,
0x3f43479c8536f7ee8180d0f67a050980dc5bc8c8,robinhood,batchTransferNative 批量转账工具（判关联看单笔 payload）,infra,exclude,manual-addressbook,2026-07,address-book 实战核验,,,,,,,
0x40a2accbd92bca938b02010e17a5b8929b49130d,robinhood,Safe v1.3.0 MultiSendCallOnly（canonical 部署）,infra,exclude,registry-official,2026-07-17,safe-global/safe-deployments 官方 registry + getCode 亲验 2026-07-17；MultiSend=批量分发通道（缝假集群高危）,,,,,2026-07-17,,
0x41675c099f32341bf84bfc5382af534df5c7461a,robinhood,Safe v1.4.1 Safe（canonical 部署）,infra,exclude,registry-official,2026-07-17,safe-global/safe-deployments 官方 registry + getCode 亲验 2026-07-17；Safe 官方部署家族,,,,,2026-07-17,,
0x469cb5da5f46d9c16d9825e41d831377e167478f,robinhood,公共提款热钱包的补货金主（累计 3666E）,infra,exclude,manual-addressbook,2026-07,address-book 实战核验,,,,,,,
0x4e1dcf7ad4e460cfd30791ccc4f9c8a4f820ec67,robinhood,Safe v1.4.1 SafeProxyFactory（canonical 部署）,infra,exclude,registry-official,2026-07-17,safe-global/safe-deployments 官方 registry + getCode 亲验 2026-07-17；Safe 官方部署家族,,,,,2026-07-17,,
0x5ff137d4b0fdcd49dca30c7cf57e578a026d2789,robinhood,ERC-4337 EntryPoint v0.6（跨链同址，存量流量仍大）,infra,exclude,manual-addressbook,2026-07-17,四链 getCode 亲验 2026-07-17（code 全长一致 47380）,,,,,,,
0x69957a4b1b97adb44742bb2f0f736f196960a83a,robinhood,NOXA 平台出纳机器人（每5分钟自动归集；ETH 分发名单=官方关联仓发现通道；gas 边不可作私有聚类）,infra,exclude,manual-addressbook,2026-07,BEGGAR 核验 2026-07-17,,,,,,,
0x69f4d1788e39c87893c980c06edf4b7f686e2938,robinhood,Safe v1.3.0 GnosisSafe（eip155 部署）,infra,exclude,registry-official,2026-07-17,safe-global/safe-deployments 官方 registry + getCode 亲验 2026-07-17；Safe 官方部署家族,,,,,2026-07-17,,
0x7cbb62eaa69f79e6873cd1ecb2392971036cfaa4,robinhood,Safe v1.3.0 CreateCall（canonical 部署）,infra,exclude,registry-official,2026-07-17,safe-global/safe-deployments 官方 registry + getCode 亲验 2026-07-17；Safe 官方部署家族,,,,,2026-07-17,,
0x91604f590d66ace8975eed6bd16cf55647d1c499,robinhood,尘埃 gas 出纳服务（发尘埃 gas→收款者秒级交易；gas 边一律降级）,infra,exclude,manual-addressbook,2026-07,address-book 实战核验,,,,,,,
0x9641d764fc13c8b624c04430c7356c1c7c8102e2,robinhood,Safe v1.4.1 MultiSendCallOnly（canonical 部署）,infra,exclude,registry-official,2026-07-17,safe-global/safe-deployments 官方 registry + getCode 亲验 2026-07-17；MultiSend=批量分发通道（缝假集群高危）,,,,,2026-07-17,,
0x98ffbbf51bb33a056b08ddf711f289936aaff717,robinhood,Safe v1.3.0 SignMessageLib（eip155 部署）,infra,exclude,registry-official,2026-07-17,safe-global/safe-deployments 官方 registry + getCode 亲验 2026-07-17；Safe 官方部署家族,,,,,2026-07-17,,
0x998739bfdaadde7c933b942a68053933098f9eda,robinhood,Safe v1.3.0 MultiSend（eip155 部署）,infra,exclude,registry-official,2026-07-17,safe-global/safe-deployments 官方 registry + getCode 亲验 2026-07-17；MultiSend=批量分发通道（缝假集群高危）,,,,,2026-07-17,,
0x9b35af71d77eaf8d7e40252370304687390a1a52,robinhood,Safe v1.4.1 CreateCall（canonical 部署）,infra,exclude,registry-official,2026-07-17,safe-global/safe-deployments 官方 registry + getCode 亲验 2026-07-17；Safe 官方部署家族,,,,,2026-07-17,,
0xa1dabef33b3b82c7814b6d82a79e50f4ac44102b,robinhood,Safe v1.3.0 MultiSendCallOnly（eip155 部署）,infra,exclude,registry-official,2026-07-17,safe-global/safe-deployments 官方 registry + getCode 亲验 2026-07-17；MultiSend=批量分发通道（缝假集群高危）,,,,,2026-07-17,,
0xa238cbeb142c10ef7ad8442c6d1f9e89e07e7761,robinhood,Safe v1.3.0 MultiSend（canonical 部署）,infra,exclude,registry-official,2026-07-17,safe-global/safe-deployments 官方 registry + getCode 亲验 2026-07-17；MultiSend=批量分发通道（缝假集群高危）,,,,,2026-07-17,,
0xa3acd31afb851b4eb9dad00f5204c01d924267df,robinhood,Robinhood L2 Proxy Admin,infra,exclude,manual-rhdocs,2026-07-16,docs.robinhood.com/chain 官方合约页,,,,,,,
0xa65387f16b013cf2af4605ad8aa5ec25a2cba3a2,robinhood,Safe v1.3.0 SignMessageLib（canonical 部署）,infra,exclude,registry-official,2026-07-17,safe-global/safe-deployments 官方 registry + getCode 亲验 2026-07-17；Safe 官方部署家族,,,,,2026-07-17,,
0xa6b71e26c5e0845f74c812102ca7114b6a896ab2,robinhood,Safe v1.3.0 GnosisSafeProxyFactory（canonical 部署）,infra,exclude,registry-official,2026-07-17,safe-global/safe-deployments 官方 registry + getCode 亲验 2026-07-17；Safe 官方部署家族,,,,,2026-07-17,,
0xb19d6ffc2182150f8eb585b79d4abcd7c5640a9d,robinhood,Safe v1.3.0 CreateCall（eip155 部署）,infra,exclude,registry-official,2026-07-17,safe-global/safe-deployments 官方 registry + getCode 亲验 2026-07-17；Safe 官方部署家族,,,,,2026-07-17,,
0xc22834581ebc8527d974f8a1c97e1bea4ef910bc,robinhood,Safe v1.3.0 GnosisSafeProxyFactory（eip155 部署）,infra,exclude,registry-official,2026-07-17,safe-global/safe-deployments 官方 registry + getCode 亲验 2026-07-17；Safe 官方部署家族,,,,,2026-07-17,,
0xca11bde05977b3631167028862be2a173976ca11,robinhood,Multicall3（全 EVM 同址）,infra,exclude,manual-addressbook,2026-07,address-book 实战核验,,,,,,,
0xd53cd0ab83d845ac265be939c57f53ad838012c9,robinhood,Safe v1.4.1 SignMessageLib（canonical 部署）,infra,exclude,registry-official,2026-07-17,safe-global/safe-deployments 官方 registry + getCode 亲验 2026-07-17；Safe 官方部署家族,,,,,2026-07-17,,
0xd9db270c1b5e3bd161e8c8503c55ceabee709552,robinhood,Safe v1.3.0 GnosisSafe（canonical 部署）,infra,exclude,registry-official,2026-07-17,safe-global/safe-deployments 官方 registry + getCode 亲验 2026-07-17；Safe 官方部署家族,,,,,2026-07-17,,
0xe6cae83bde06e4c305530e199d7217f42808555b,robinhood,Robinhood 钱包 EIP-7702 标准实现（海量散户共用）,infra,exclude,manual-addressbook,2026-07,address-book 实战核验,,,,,,,
0xe72688f7d25d7318b9a81f21edda640ca948c83b,robinhood,RobinHoodSettler（App 交易结算器，原子过手末余额 0）,infra,exclude,manual-addressbook,2026-07,address-book 实战核验,,,,,,,
0xf48f2b2d2a534e402487b3ee7c18c33aec0fe5e4,robinhood,Safe v1.3.0 CompatibilityFallbackHandler（canonical 部署）,infra,exclude,registry-official,2026-07-17,safe-global/safe-deployments 官方 registry + getCode 亲验 2026-07-17；Safe 官方部署家族,,,,,2026-07-17,,
0xfb1bffc9d739b8d520daf37df666da4c687191ea,robinhood,Safe v1.3.0 GnosisSafeL2（eip155 部署）,infra,exclude,registry-official,2026-07-17,safe-global/safe-deployments 官方 registry + getCode 亲验 2026-07-17；Safe 官方部署家族,,,,,2026-07-17,,
0xfd0732dc9e303f09fcef3a7388ad10a83459ec99,robinhood,Safe v1.4.1 CompatibilityFallbackHandler（canonical 部署）,infra,exclude,registry-official,2026-07-17,safe-global/safe-deployments 官方 registry + getCode 亲验 2026-07-17；Safe 官方部署家族,,,,,2026-07-17,,
0x000000001f26a0044baa66024e7b6599c61963f8,robinhood,Uniswap 官方 CCA 工厂 v2.1.0（auction 实例 per-launch）,launchpad,exclude,manual-addressbook,2026-07,address-book 实战核验,,,,,,,
0x000000e200088d55c39a11f609e5f667729ad49b,robinhood,Uniswap 官方 UERC20Factory（第 4 类发射台）,launchpad,exclude,manual-addressbook,2026-07,address-book 实战核验,,,,,,,
0x00004c4ccc709ef590f7c81102c0689f0263d4e9,robinhood,Uniswap 官方 LiquidityLauncher,launchpad,exclude,manual-addressbook,2026-07,address-book 实战核验,,,,,,,
0x05d552391067389ee44fec3924157ed33f976000,robinhood,Uniswap 官方 LBPStrategy v3.1.0 单例（过手全部发射盘勿当大户）,launchpad,exclude,manual-addressbook,2026-07,address-book 实战核验,,,,,,,
0x26605f322f7ff986f381bb9a6e3f5dab0beaeb09,robinhood,Flap（flap.sh）Portal v5.14+（第三家发射台）,launchpad,exclude,manual-addressbook,2026-07,address-book 实战核验,,,,,,,
0x7e035fb048a31e0481b88074557415b1c187242b,robinhood,发射台基建部署者 EOA,launchpad,exclude,manual-addressbook,2026-07,address-book 实战核验,,,,,,,
0xd9ec2db5f3d1b236843925949fe5bd8a3836fccb,robinhood,主流 meme 发射台工厂（fee 流向 per-launch 可变，现场实测）,launchpad,exclude,manual-addressbook,2026-07,address-book 实战核验,,,,,,,
0x32487287c65f11d53bbca89c2472171eb09bf337,robinhood,Virtuals 平台回购机器（TWAP buyback bot，150+ agent 币系统组件）,platform,exclude,manual-addressbook,2026-07,address-book 实战核验,,,,,,,
0x3eb3394f5d89465a77f73a83d3675b0ed051f852,robinhood,Virtuals 平台批量执行合约（ACF 阶梯挂单执行器）,platform,exclude,manual-addressbook,2026-07,address-book 实战核验,,,,,,,
0x43e4c17b15365596caae8e7d00e42bc8e988c2d4,robinhood,Virtuals TokenFactory 直连分发代理（常设分发枢纽）,platform,exclude,manual-addressbook,2026-07,address-book 实战核验,,,,,,,
0x6d80b81d9fc56a7a839b1af9006eb49151961ce7,robinhood,Virtuals AgentTaxV2 税合约（70% creator/30% 平台）,platform,exclude,manual-addressbook,2026-07,address-book 实战核验,,,,,,,
0x81f7ca6af86d1ca6335e44a2c28bc88807491415,robinhood,Virtuals 跨项目 keeper EOA（50% 锁仓分配器+ACF 分账）,platform,exclude,manual-addressbook,2026-07,address-book 实战核验,,,,,,,
0x8a19963649b2fc3d50c951953f89bcbfbd5f0b51,robinhood,Virtuals 内盘 bonding router（真实买卖家=同 tx 终端）,platform,exclude,manual-addressbook,2026-07,address-book 实战核验,,,,,,,
0xd4ccbfa37e2f35611b3042e4096ad7a3459bd007,robinhood,Virtuals TokenFactory/铸币分发,platform,exclude,manual-addressbook,2026-07,address-book 实战核验,,,,,,,
0xe4a0015b4c12f84bf9b8b9db56b7ef0bc539d88f,robinhood,Virtuals 平台部署管理员/funder（掌握工厂与执行器权限）,platform,exclude,manual-addressbook,2026-07,address-book 实战核验,,,,,,,
0xf36f0dd7b6b1730d0a59d1f3fd0e494c4d5c66e8,robinhood,Virtuals 税 swapper（机械卖回执行腿，单列勿算庄家出货）,platform,exclude,manual-addressbook,2026-07,address-book 实战核验,,,,,,,
0x58daec3116aae6d93017baaea7749052e8a04fa7,robinhood,Uniswap V4 PositionManager（keeper 形态替所有发射盘建池）,protocol,exclude,manual-addressbook,2026-07,address-book 实战核验,,,,,,,
0x73991a25c818bf1f1128deaab1492d45638de0d3,robinhood,Uniswap V3 NonfungiblePositionManager（从它收币=LP 提取非买入）,protocol,exclude,manual-addressbook,2026-07,address-book 实战核验,,,,,,,
0x8366a39cc670b4001a1121b8f6a443a643e40951,robinhood,"Uniswap V4 PoolManager（单例，""持仓""=全链 V4 池合计）",protocol,exclude,manual-addressbook,2026-07,address-book 实战核验,,,,,,,
0x00000000aa59b37306e34cef3e021e07156cfa3a,robinhood,聚合器执行器（代发交易高度数节点）,router,exclude,manual-addressbook,2026-07,address-book 实战核验,,,,,,,
0x09ad820aac5779683b481c4674208a4e1b024afa,robinhood,DexAggregatorCore（已验证；池买→分发用户，存量零）,router,exclude,manual-addressbook,2026-07,address-book 实战核验,,,,,,,
0x20f6ee51340adeed01a59b0e65cb3703f3dc860c,robinhood,DexAggregator（聚合器外层，与 Core 互转是内部结构）,router,exclude,manual-addressbook,2026-07,address-book 实战核验,,,,,,,
0x53bf6b0684ec7ef91e1387da3d1a1769bc5a6f77,robinhood,Uniswap UniversalRouter 第二部署（设施剔除两个都要含）,router,exclude,manual-addressbook,2026-07,address-book 实战核验,,,,,,,
0x7b226b0b2347aa522b97eba6c6da59c2edf908b2,robinhood,DEX 聚合器执行合约（即收即卖，峰值持仓≈0；已仲裁非 V4 PoolManager）,router,exclude,manual-addressbook,2026-07,address-book 实战核验,,,,,,,
0x8876789976decbfcbbbe364623c63652db8c0904,robinhood,Uniswap UniversalRouter（92 万+笔）,router,exclude,manual-addressbook,2026-07,address-book 实战核验,,,,,,,
0xcaf681a66d020601342297493863e78c959e5cb2,robinhood,Uniswap SwapRouter02,router,exclude,manual-addressbook,2026-07,address-book 实战核验,,,,,,,
0x0bd7d308f8e1639fab988df18a8011f41eacad73,robinhood,WETH（Robinhood Chain）,token-contract,exclude,manual-addressbook,2026-07,address-book 实战核验,,,,,,,
0x7f03effbd7ceb22a3f80dd468f67ef27826acd85,robinhood,NOXA LaunchLocker（LP NFT 托管+费分成；ERC-721 转出=撤池信号）,locker,identity,manual-addressbook,2026-07,BEGGAR 核验 2026-07-17：已验证合约,,,,,,,
0x71f2f1c2dc94cdabfe29cb355119f8683ae0969b,robinhood,NOXA 平台金库 treasury.noxa.eth（多币费归集+平台自营币发射者；WETH 收入为多币混合口径）,project-treasury,identity,manual-addressbook,2026-07,BEGGAR 核验 2026-07-17：ENS 双向解析+创始人推文自认,,,,,,,
0x0000000b96f62d772a0494100ef4494d834de457,robinhood,惯犯庄家（MEOW案·项目方）,serial-actor,identity,serial-offenders,2026-07-24,meow分析 appendix whale_group「项目方」（人工白名单：记忆存档实锤工作室）,serial-offender,,,2026-07-15,2026-07-24,,
0x00034187c8d0d887821587573586f75624c5e111,robinhood,协同建仓组（TRASH案·vanity九胞胎族）,serial-actor,identity,serial-offenders,2026-07-17,TRASH 07-17增量更新 appendix group「vanity九胞胎族」（两轮同秒等差建仓+gas树互资、合并3.69%贴线分仓）,serial-offender,,,,,,
0x000461a73d3985eef4923655782aa5d0de75c111,robinhood,协同建仓组（TRASH案·vanity九胞胎族）,serial-actor,identity,serial-offenders,2026-07-17,TRASH 07-17增量更新 appendix group「vanity九胞胎族」,serial-offender,,,,,,
0x0006d09df7b0e8dce98463b95439475fcec29111,robinhood,协同建仓组（TRASH案·vanity九胞胎族）,serial-actor,identity,serial-offenders,2026-07-17,TRASH 07-17增量更新 appendix group「vanity九胞胎族」,serial-offender,,,,,,
0x00077705952c90b728c6d7dc450beb4429331111,robinhood,协同建仓组（TRASH案·vanity九胞胎族）,serial-actor,identity,serial-offenders,2026-07-17,TRASH 07-17增量更新 appendix group「vanity九胞胎族」,serial-offender,,,,,,
0x000ae1e2ba3624208300605d7919d6c4803c6111,robinhood,协同建仓组（TRASH案·vanity九胞胎族）,serial-actor,identity,serial-offenders,2026-07-17,TRASH 07-17增量更新 appendix group「vanity九胞胎族」,serial-offender,,,,,,
0x022d8f6eaf3f4442da060437d2c912b809112bd7,robinhood,协同建仓组（TRASH案·vanity九胞胎族）,serial-actor,identity,serial-offenders,2026-07-17,TRASH 07-17增量更新 appendix group「vanity九胞胎族」,serial-offender,,,,,,
0x02d83c46b61c0c3da6bbdee02212fa820fb158eb,robinhood,惯犯庄家（CASHCAT案·狙击集团#1（旧庄#2·0x9f49出纳星座，标）,serial-actor,identity,serial-offenders,2026-07-24,CASHCAT分析 appendix whale_group「狙击集团#1（旧庄#2·0x9f49出纳星座，标准迁移）」,serial-offender,,,2026-07-15,2026-07-24,,
0x055569e1d61fce5046a5811d40b768d9af254563,robinhood,惯犯庄家（MEOW案·项目方）,serial-actor,identity,serial-offenders,2026-07-24,meow分析 appendix whale_group「项目方」（人工白名单：记忆存档实锤工作室）,serial-offender,,,2026-07-15,2026-07-24,,
0x0616bc8db84e1223fcc043839da1b4b4eda261ed,robinhood,惯犯庄家（NOXA案·狙击集团）,serial-actor,identity,serial-offenders,2026-07-24,NOXA分析 appendix whale_group「狙击集团」,serial-offender,,,2026-07-15,2026-07-24,,
0x06ed108e7a5cd7212600ac2de3f00185a7c82e8b,robinhood,惯犯庄家（CASHCAT案·项目方（旧庄#1·工作室核心，标准迁移））,serial-actor,identity,serial-offenders,2026-07-24,CASHCAT分析 appendix whale_group「项目方（旧庄#1·工作室核心，标准迁移）」（人工白名单：记忆存档实锤工作室）,serial-offender,,,2026-07-15,2026-07-24,,
0x07cdaf0140c60a0c34681065abf49bb8d85b8cbe,robinhood,惯犯庄家（MEOW案·狙击集团#1）,serial-actor,identity,serial-offenders,2026-07-24,meow分析 appendix whale_group「狙击集团#1」,serial-offender,,,2026-07-15,2026-07-24,,
0x0862f2f645c64ad42b118798878c403d234841bb,robinhood,惯犯庄家（NOXA案·狙击集团）,serial-actor,identity,serial-offenders,2026-07-24,NOXA分析 appendix whale_group「狙击集团」,serial-offender,,,2026-07-15,2026-07-24,,
0x094ab30b7269e9deee21ad4e4898f60a433fbf56,robinhood,惯犯庄家（TRASH案·庄#4·e0e889母钱包簇(9址)·gas同源）,serial-actor,identity,serial-offenders,2026-07-24,TRASH分析 appendix whale_group「庄#4·e0e889母钱包簇(9址)·gas同源·基本离场」,serial-offender,,,2026-07-17,2026-07-24,,
0x0bc6c2f7cc7e682a0c0a011ee27ffdb4e973e2f6,robinhood,惯犯庄家（Pointless案·狙击集团#1·ea57系）,serial-actor,identity,serial-offenders,2026-07-24,Pointless分析 appendix whale_group「狙击集团#1·ea57系」,serial-offender,,,block 1173,2026-07-24,,
0x0d8d6c105629e472691f9a970a6f70899195b5e0,robinhood,协同建仓组（TRASH案·vanity九胞胎族）,serial-actor,identity,serial-offenders,2026-07-17,TRASH 07-17增量更新 appendix group「vanity九胞胎族」,serial-offender,,,,,,
0x0f0a21bffcc5227a218a15aa0c29817442393eee,robinhood,惯犯庄家（TRASH案·庄#1·多地址协同·拍卖集团(19址)·离场庄(）,serial-actor,identity,serial-offenders,2026-07-24,TRASH分析 appendix whale_group「庄#1·多地址协同·拍卖集团(19址)·离场庄(窗口回场吸筹)」,serial-offender,,,2026-07-17,2026-07-24,,
0x1188ececb8d9d406a6552c65e42e87f35b2cb72b,robinhood,惯犯庄家（CASHCAT案·项目方（旧庄#1·工作室核心，标准迁移））,serial-actor,identity,serial-offenders,2026-07-24,CASHCAT分析 appendix whale_group「项目方（旧庄#1·工作室核心，标准迁移）」（人工白名单：记忆存档实锤工作室）,serial-offender,,,2026-07-15,2026-07-24,,
0x11db1321c3f926334eb155d5fe704f6b2ff6a2f9,robinhood,惯犯庄家（Pointless案·狙击集团#4·3807系）,serial-actor,identity,serial-offenders,2026-07-24,Pointless分析 appendix whale_group「狙击集团#4·3807系」,serial-offender,,,block 1173,2026-07-24,,
0x123791770351ccfcc96a3dba2658fe4200a66584,robinhood,惯犯庄家（CASHCAT案·狙击集团#1（旧庄#2·0x9f49出纳星座，标）,serial-actor,identity,serial-offenders,2026-07-24,CASHCAT分析 appendix whale_group「狙击集团#1（旧庄#2·0x9f49出纳星座，标准迁移）」,serial-offender,,,2026-07-15,2026-07-24,,
0x124c4b71bcc1f9bb0c8b8c1413cb335a9cc7df04,robinhood,惯犯庄家（TRASH案·庄#1·多地址协同·拍卖集团(19址)·离场庄(）,serial-actor,identity,serial-offenders,2026-07-24,TRASH分析 appendix whale_group「庄#1·多地址协同·拍卖集团(19址)·离场庄(窗口回场吸筹)」,serial-offender,,,2026-07-17,2026-07-24,,
0x1379cd72f35c82719abd38c3ce759c44f8ffdd1c,robinhood,惯犯庄家（BEGGAR案·离场庄#1）+CASHCAT案,serial-actor,identity,serial-offenders,2026-07-24,BEGGAR分析 appendix whale_group「离场庄#1」；CASHCAT分析 appendix whale_group「项目方（旧庄#1·工作室核心，标准迁移）」（人工白名单：记忆存档实锤工作室）,serial-offender,,,2026-07-17,2026-07-24,,
0x16105576955f5c6beec4a2efc876234eb8a0a2de,robinhood,惯犯庄家（CASHCAT案·项目方（旧庄#1·工作室核心，标准迁移））,serial-actor,identity,serial-offenders,2026-07-24,CASHCAT分析 appendix whale_group「项目方（旧庄#1·工作室核心，标准迁移）」（人工白名单：记忆存档实锤工作室）,serial-offender,,,2026-07-15,2026-07-24,,
0x16657de1a0faac319359d6dc15d31b355cb535c0,robinhood,惯犯庄家（CASHCAT案·项目方（旧庄#1·工作室核心，标准迁移））+NOXA案,serial-actor,identity,serial-offenders,2026-07-24,CASHCAT分析 appendix whale_group「项目方（旧庄#1·工作室核心，标准迁移）」（人工白名单：记忆存档实锤工作室）；NOXA分析 appendix whale_group「狙击集团」,serial-offender,,,2026-07-15,2026-07-24,,
0x1984305458e75621ddf0d0b5247aa753091f359c,robinhood,惯犯庄家（CASHCAT案·项目方（旧庄#1·工作室核心，标准迁移））,serial-actor,identity,serial-offenders,2026-07-24,CASHCAT分析 appendix whale_group「项目方（旧庄#1·工作室核心，标准迁移）」（人工白名单：记忆存档实锤工作室）,serial-offender,,,2026-07-15,2026-07-24,,
0x1a7c2839b016bee78c0a5fe84d9751ad45331113,robinhood,惯犯庄家（TRASH案·庄#1·多地址协同·拍卖集团(19址)·离场庄(）,serial-actor,identity,serial-offenders,2026-07-24,TRASH分析 appendix whale_group「庄#1·多地址协同·拍卖集团(19址)·离场庄(窗口回场吸筹)」,serial-offender,,,2026-07-17,2026-07-24,,
0x1bda647c4432842fd0425ed00428b1ddde7e21a2,robinhood,惯犯庄家（TRASH案·庄#1·多地址协同·拍卖集团(19址)·离场庄(）,serial-actor,identity,serial-offenders,2026-07-24,TRASH分析 appendix whale_group「庄#1·多地址协同·拍卖集团(19址)·离场庄(窗口回场吸筹)」,serial-offender,,,2026-07-17,2026-07-24,,
0x1cd026a1d83f8077100c9e98ccd29507a7b8844e,robinhood,惯犯庄家（CASHCAT案·狙击集团#1（旧庄#2·0x9f49出纳星座，标）,serial-actor,identity,serial-offenders,2026-07-24,CASHCAT分析 appendix whale_group「狙击集团#1（旧庄#2·0x9f49出纳星座，标准迁移）」,serial-offender,,,2026-07-15,2026-07-24,,
0x1ee4aec751ab97a6f1f60b87c48e52387eee91de,robinhood,惯犯庄家（GME案·小庄#1）,serial-actor,identity,serial-offenders,2026-07-24,GME分析 appendix whale_group「小庄#1」,serial-offender,,,2026-07-15,2026-07-24,,
0x2254b804c64091457f48567e76fee730a05a4c2a,robinhood,惯犯庄家（TRASH案·庄#1·多地址协同·拍卖集团(19址)·离场庄(）,serial-actor,identity,serial-offenders,2026-07-24,TRASH分析 appendix whale_group「庄#1·多地址协同·拍卖集团(19址)·离场庄(窗口回场吸筹)」,serial-offender,,,2026-07-17,2026-07-24,,
0x249b697e462829acda803446ee2cd5a965977453,robinhood,惯犯庄家（CASHCAT案·项目方（旧庄#1·工作室核心，标准迁移））,serial-actor,identity,serial-offenders,2026-07-24,CASHCAT分析 appendix whale_group「项目方（旧庄#1·工作室核心，标准迁移）」（人工白名单：记忆存档实锤工作室）,serial-offender,,,2026-07-15,2026-07-24,,
0x255a80c3307011abc09669114627edece667a743,robinhood,惯犯庄家（CASHCAT案·狙击集团#2（旧庄#3·0x79e3供养星座，标）,serial-actor,identity,serial-offenders,2026-07-24,CASHCAT分析 appendix whale_group「狙击集团#2（旧庄#3·0x79e3供养星座，标准迁移）」,serial-offender,,,2026-07-15,2026-07-24,,
0x275c838990c5c74ea5abc331199d42121a3e648a,robinhood,协同建仓组（TRASH案·996网·自循环出资位2）,serial-actor,identity,serial-offenders,2026-07-17,TRASH 07-17增量更新 appendix group「996网」,serial-offender,,,,,,
0x29e1dfe55ae0ab953d424f62a0625149bc39b068,robinhood,惯犯庄家（TRASH案·庄#4·e0e889母钱包簇(9址)·gas同源）,serial-actor,identity,serial-offenders,2026-07-24,TRASH分析 appendix whale_group「庄#4·e0e889母钱包簇(9址)·gas同源·基本离场」,serial-offender,,,2026-07-17,2026-07-24,,
0x2d89671b6a79b9b542cfeb289bf0ad52f7be3676,robinhood,惯犯庄家（GME案·小庄#1）,serial-actor,identity,serial-offenders,2026-07-24,GME分析 appendix whale_group「小庄#1」,serial-offender,,,2026-07-15,2026-07-24,,
0x2d8b38ebaac9ed8d7feb5ad7c4468a490fbb81e3,robinhood,惯犯庄家（GME案·小庄#1）,serial-actor,identity,serial-offenders,2026-07-24,GME分析 appendix whale_group「小庄#1」,serial-offender,,,2026-07-15,2026-07-24,,
0x2ea507dd0befbdb2b1649168aec36599739252da,robinhood,惯犯庄家（MEOW案·项目方）,serial-actor,identity,serial-offenders,2026-07-24,meow分析 appendix whale_group「项目方」（人工白名单：记忆存档实锤工作室）,serial-offender,,,2026-07-15,2026-07-24,,
0x31903817736130538a8805ff9dcdea22a6c7ef79,robinhood,惯犯庄家（Pointless案·狙击集团#4·3807系）,serial-actor,identity,serial-offenders,2026-07-24,Pointless分析 appendix whale_group「狙击集团#4·3807系」,serial-offender,,,block 1173,2026-07-24,,
0x31ac6ee3d0bbf6f2de75b9a1309369eed73408af,robinhood,惯犯庄家（CASHCAT案·狙击集团#1（旧庄#2·0x9f49出纳星座，标）,serial-actor,identity,serial-offenders,2026-07-24,CASHCAT分析 appendix whale_group「狙击集团#1（旧庄#2·0x9f49出纳星座，标准迁移）」,serial-offender,,,2026-07-15,2026-07-24,,
0x32c34a18cc5fd58c0ece1e472e9bf95de8906a8a,robinhood,惯犯庄家（CASHCAT案·项目方（旧庄#1·工作室核心，标准迁移））,serial-actor,identity,serial-offenders,2026-07-24,CASHCAT分析 appendix whale_group「项目方（旧庄#1·工作室核心，标准迁移）」（人工白名单：记忆存档实锤工作室）,serial-offender,,,2026-07-15,2026-07-24,,
0x331cc2e56c657126f7a986419040838cf446eb93,robinhood,惯犯庄家（MEOW案·狙击集团#1）,serial-actor,identity,serial-offenders,2026-07-24,meow分析 appendix whale_group「狙击集团#1」,serial-offender,,,2026-07-15,2026-07-24,,
0x36d915bdde36de9e062526ba46a171afa8768f90,robinhood,惯犯庄家（CASHCAT案·项目方（旧庄#1·工作室核心，标准迁移））+DUMBMONEY案,serial-actor,identity,serial-offenders,2026-07-24,CASHCAT分析 appendix whale_group「项目方（旧庄#1·工作室核心，标准迁移）」（人工白名单：记忆存档实锤工作室）；DUMBMONEY分析 appendix whale_group「离场庄#1」,serial-offender,,,2026-07-15,2026-07-24,,
0x36f987da605928f41b799231b22e53a0eda30f79,robinhood,惯犯庄家（TRASH案·庄#4·e0e889母钱包簇(9址)·gas同源）,serial-actor,identity,serial-offenders,2026-07-24,TRASH分析 appendix whale_group「庄#4·e0e889母钱包簇(9址)·gas同源·基本离场」,serial-offender,,,2026-07-17,2026-07-24,,
0x3807771db053dae9ead980692b6ef85c9c10f0bd,robinhood,惯犯庄家（Pointless案·狙击集团#4·3807系）,serial-actor,identity,serial-offenders,2026-07-24,Pointless分析 appendix whale_group「狙击集团#4·3807系」,serial-offender,,,block 1173,2026-07-24,,
0x38cc230d2e553b4c73bc5ba63dc022ffbd9a28e4,robinhood,惯犯庄家（CASHCAT案·项目方（旧庄#1·工作室核心，标准迁移））,serial-actor,identity,serial-offenders,2026-07-24,CASHCAT分析 appendix whale_group「项目方（旧庄#1·工作室核心，标准迁移）」（人工白名单：记忆存档实锤工作室）,serial-offender,,,2026-07-15,2026-07-24,,
0x3937b5f8ac3d50b5f3cd3f0921c3e9b5bfd6d27f,robinhood,惯犯庄家（CASHCAT案·狙击集团#1（旧庄#2·0x9f49出纳星座，标）,serial-actor,identity,serial-offenders,2026-07-24,CASHCAT分析 appendix whale_group「狙击集团#1（旧庄#2·0x9f49出纳星座，标准迁移）」,serial-offender,,,2026-07-15,2026-07-24,,
0x3b1dc8b04159a457f4f5e0ab86b01fa5a0b2f55c,robinhood,惯犯庄家（CASHCAT案·项目方（旧庄#1·工作室核心，标准迁移））,serial-actor,identity,serial-offenders,2026-07-24,CASHCAT分析 appendix whale_group「项目方（旧庄#1·工作室核心，标准迁移）」（人工白名单：记忆存档实锤工作室）,serial-offender,,,2026-07-15,2026-07-24,,
0x3d4c53359692d2464252583bc98aed98ba04293a,robinhood,惯犯庄家（COMPUTE案·庄#1·0xDD49·双地址·静止重仓）,serial-actor,identity,serial-offenders,2026-07-24,COMPUTE分析 appendix whale_group「庄#1·0xDD49·双地址·静止重仓」,serial-offender,,,2026-07-12,2026-07-24,,
0x3dbd530e3f75fdec00e013e26bbf95ed40b7e5c2,robinhood,协同建仓组（TRASH案·996网·买手2）,serial-actor,identity,serial-offenders,2026-07-17,TRASH 07-17增量更新 appendix group「996网」,serial-offender,,,,,,
0x3ea8491a8f4bcd59e4b138fd27eac24622836363,robinhood,惯犯庄家（TRASH案·庄#1·多地址协同·拍卖集团(19址)·离场庄(）,serial-actor,identity,serial-offenders,2026-07-24,TRASH分析 appendix whale_group「庄#1·多地址协同·拍卖集团(19址)·离场庄(窗口回场吸筹)」,serial-offender,,,2026-07-17,2026-07-24,,
0x3eb08738deda6705f71777ca9e9575360801442e,robinhood,惯犯庄家（Pointless案·狙击集团#4·3807系）,serial-actor,identity,serial-offenders,2026-07-24,Pointless分析 appendix whale_group「狙击集团#4·3807系」,serial-offender,,,block 1173,2026-07-24,,
0x45004af18692aac16840c807d8980ad215d58dad,robinhood,协同建仓组（TRASH案·vanity九胞胎族）,serial-actor,identity,serial-offenders,2026-07-17,TRASH 07-17增量更新 appendix group「vanity九胞胎族」,serial-offender,,,,,,
0x452dc198eb970456ff28ee91a3409c393577b6dd,robinhood,惯犯庄家（CASHCAT案·项目方（旧庄#1·工作室核心，标准迁移））+DUMBMONEY案,serial-actor,identity,serial-offenders,2026-07-24,CASHCAT分析 appendix whale_group「项目方（旧庄#1·工作室核心，标准迁移）」（人工白名单：记忆存档实锤工作室）；DUMBMONEY分析 appendix whale_group「离场庄#1」,serial-offender,,,2026-07-15,2026-07-24,,
0x46193bd68ea3f05ca2dfe16c88b564e74acbcee0,robinhood,惯犯庄家（CASHCAT案·项目方（旧庄#1·工作室核心，标准迁移））,serial-actor,identity,serial-offenders,2026-07-24,CASHCAT分析 appendix whale_group「项目方（旧庄#1·工作室核心，标准迁移）」（人工白名单：记忆存档实锤工作室）,serial-offender,,,2026-07-15,2026-07-24,,
0x46b8a7fd36509b9877fd40c4fa96608166e39d82,robinhood,惯犯庄家（TRASH案·庄#1·多地址协同·拍卖集团(19址)·离场庄(）,serial-actor,identity,serial-offenders,2026-07-24,TRASH分析 appendix whale_group「庄#1·多地址协同·拍卖集团(19址)·离场庄(窗口回场吸筹)」,serial-offender,,,2026-07-17,2026-07-24,,
0x490a46dcccec18f4181516451c0eaacdff4f3498,robinhood,惯犯庄家（CASHCAT案·项目方（旧庄#1·工作室核心，标准迁移））,serial-actor,identity,serial-offenders,2026-07-24,CASHCAT分析 appendix whale_group「项目方（旧庄#1·工作室核心，标准迁移）」（人工白名单：记忆存档实锤工作室）,serial-offender,,,2026-07-15,2026-07-24,,
0x4a5b304ded44a521ffece44a6386fa2014d96f7d,robinhood,惯犯庄家（CASHCAT案·狙击集团#2（旧庄#3·0x79e3供养星座，标）,serial-actor,identity,serial-offenders,2026-07-24,CASHCAT分析 appendix whale_group「狙击集团#2（旧庄#3·0x79e3供养星座，标准迁移）」,serial-offender,,,2026-07-15,2026-07-24,,
0x4bb692c242b6f9830ca53c1c61ff303d98b8ba38,robinhood,惯犯庄家（NOXA案·离场庄）,serial-actor,identity,serial-offenders,2026-07-24,NOXA分析 appendix whale_group「离场庄」,serial-offender,,,2026-07-15,2026-07-24,,
0x4c9064c39d549dd09fc9b49af27ecb02942525a2,robinhood,惯犯庄家（CASHCAT案·项目方（旧庄#1·工作室核心，标准迁移））,serial-actor,identity,serial-offenders,2026-07-24,CASHCAT分析 appendix whale_group「项目方（旧庄#1·工作室核心，标准迁移）」（人工白名单：记忆存档实锤工作室）,serial-offender,,,2026-07-15,2026-07-24,,
0x4e088eae43263f46b78925327416e7925e65b44b,robinhood,惯犯庄家（Pointless案·狙击集团#1·ea57系）,serial-actor,identity,serial-offenders,2026-07-24,Pointless分析 appendix whale_group「狙击集团#1·ea57系」,serial-offender,,,block 1173,2026-07-24,,
0x4ef8f9034d649ce1ce4aac329d43e86997ffe08d,robinhood,惯犯庄家（Pointless案·狙击集团#3·4ef8系）,serial-actor,identity,serial-offenders,2026-07-24,Pointless分析 appendix whale_group「狙击集团#3·4ef8系」,serial-offender,,,block 1173,2026-07-24,,
0x4f1cb5264206e180aa6d288578acd6b5cd2ed641,robinhood,惯犯庄家（TRASH案·庄#3·五胞胎狙击簇(5址)·gas同源·已离场）,serial-actor,identity,serial-offenders,2026-07-24,TRASH分析 appendix whale_group「庄#3·五胞胎狙击簇(5址)·gas同源·已离场」,serial-offender,,,2026-07-17,2026-07-24,,
0x509359d47a23e19978668c74c0dbc699de5e8bff,robinhood,惯犯庄家（NOXA案·离场庄）,serial-actor,identity,serial-offenders,2026-07-24,NOXA分析 appendix whale_group「离场庄」,serial-offender,,,2026-07-15,2026-07-24,,
0x510dcb4deedf12e89b156d11b990752eb7653e66,robinhood,惯犯庄家（CASHCAT案·狙击集团#2（旧庄#3·0x79e3供养星座，标）,serial-actor,identity,serial-offenders,2026-07-24,CASHCAT分析 appendix whale_group「狙击集团#2（旧庄#3·0x79e3供养星座，标准迁移）」,serial-offender,,,2026-07-15,2026-07-24,,
0x5214eed778fd780b270c47dd99600433cfdf7841,robinhood,惯犯庄家（CASHCAT案·项目方（旧庄#1·工作室核心，标准迁移））,serial-actor,identity,serial-offenders,2026-07-24,CASHCAT分析 appendix whale_group「项目方（旧庄#1·工作室核心，标准迁移）」（人工白名单：记忆存档实锤工作室）,serial-offender,,,2026-07-15,2026-07-24,,
0x5388668c4fa8da7f756ef8498ff24d7999999999,robinhood,惯犯庄家（Pointless案·狙击集团#4·3807系）,serial-actor,identity,serial-offenders,2026-07-24,Pointless分析 appendix whale_group「狙击集团#4·3807系」,serial-offender,,,block 1173,2026-07-24,,
0x55faf12468d118545882afd819cabe5b6f7a9840,robinhood,惯犯庄家（CASHCAT案·项目方（旧庄#1·工作室核心，标准迁移））,serial-actor,identity,serial-offenders,2026-07-24,CASHCAT分析 appendix whale_group「项目方（旧庄#1·工作室核心，标准迁移）」（人工白名单：记忆存档实锤工作室）,serial-offender,,,2026-07-15,2026-07-24,,
0x5638484ba2d2f1d1d35020572b0aa439a9869192,robinhood,惯犯庄家（CASHCAT案·项目方（旧庄#1·工作室核心，标准迁移））,serial-actor,identity,serial-offenders,2026-07-24,CASHCAT分析 appendix whale_group「项目方（旧庄#1·工作室核心，标准迁移）」（人工白名单：记忆存档实锤工作室）,serial-offender,,,2026-07-15,2026-07-24,,
0x5788858ed0ad70dea5056738b7ffd1810eacb84f,robinhood,惯犯庄家（CASHCAT案·项目方（旧庄#1·工作室核心，标准迁移））,serial-actor,identity,serial-offenders,2026-07-24,CASHCAT分析 appendix whale_group「项目方（旧庄#1·工作室核心，标准迁移）」（人工白名单：记忆存档实锤工作室）,serial-offender,,,2026-07-15,2026-07-24,,
0x58fd32286990382037c7cda9d3c473d5a8e1e8cc,robinhood,惯犯庄家（Pointless案·狙击集团#2·635e系）,serial-actor,identity,serial-offenders,2026-07-24,Pointless分析 appendix whale_group「狙击集团#2·635e系」,serial-offender,,,block 1173,2026-07-24,,
0x5c03036a998c38a54f854b01552149f86fe6025d,robinhood,惯犯庄家（CASHCAT案·狙击集团#1（旧庄#2·0x9f49出纳星座，标）,serial-actor,identity,serial-offenders,2026-07-24,CASHCAT分析 appendix whale_group「狙击集团#1（旧庄#2·0x9f49出纳星座，标准迁移）」,serial-offender,,,2026-07-15,2026-07-24,,
0x5c7c18ef518821957b3e7d07056e6346a4590119,robinhood,惯犯庄家（CASHCAT案·项目方（旧庄#1·工作室核心，标准迁移））,serial-actor,identity,serial-offenders,2026-07-24,CASHCAT分析 appendix whale_group「项目方（旧庄#1·工作室核心，标准迁移）」（人工白名单：记忆存档实锤工作室）,serial-offender,,,2026-07-15,2026-07-24,,
0x5d6c57466756e5963b402b7f9b9c29ccd202f4fb,robinhood,惯犯庄家（MEOW案·项目方）,serial-actor,identity,serial-offenders,2026-07-24,meow分析 appendix whale_group「项目方」（人工白名单：记忆存档实锤工作室）,serial-offender,,,2026-07-15,2026-07-24,,
0x5fff38f51dfd8696899a12acbdae56f4c9f530b5,robinhood,协同组关联工具（TRASH案·私有dust源、触达vanity族+矩阵族）,serial-actor,identity,serial-offenders,2026-07-17,TRASH 07-17增量更新（全链143笔私有dust工具、发射前5天同批触达两协同族——跨族并体疑点核心）,serial-offender,,,,,,
0x60289ad360193c9aa557a7f66409ff4cc4126692,robinhood,惯犯庄家（Index案·狙击集团）+TRASH案,serial-actor,identity,serial-offenders,2026-07-24,Index分析 appendix whale_group「狙击集团」；TRASH分析 appendix whale_group「庄#1·多地址协同·拍卖集团(19址)·离场庄(窗口回场吸筹)」,serial-offender,,,2026-07-17,2026-07-24,,
0x61e1de40854cae288a11feb9b28a064df14d29ef,robinhood,惯犯庄家（Pointless案·狙击集团#4·3807系）,serial-actor,identity,serial-offenders,2026-07-24,Pointless分析 appendix whale_group「狙击集团#4·3807系」,serial-offender,,,block 1173,2026-07-24,,
0x620de364f8856ee370fd3e4cab6809cc9f540263,robinhood,惯犯庄家（TRASH案·庄#3·五胞胎狙击簇(5址)·gas同源·已离场）,serial-actor,identity,serial-offenders,2026-07-24,TRASH分析 appendix whale_group「庄#3·五胞胎狙击簇(5址)·gas同源·已离场」,serial-offender,,,2026-07-17,2026-07-24,,
0x635e93574f9359006c709e935afa450ba50fd61d,robinhood,惯犯庄家（Pointless案·狙击集团#2·635e系）,serial-actor,identity,serial-offenders,2026-07-24,Pointless分析 appendix whale_group「狙击集团#2·635e系」,serial-offender,,,block 1173,2026-07-24,,
0x68634e035322376a824b69af143fb087ea214d55,robinhood,惯犯庄家（TRASH案·庄#4·e0e889母钱包簇(9址)·gas同源）,serial-actor,identity,serial-offenders,2026-07-24,TRASH分析 appendix whale_group「庄#4·e0e889母钱包簇(9址)·gas同源·基本离场」,serial-offender,,,2026-07-17,2026-07-24,,
0x6a2b632b8c8676fa1aa269aee66176adbf016ee1,robinhood,惯犯庄家（GME案·小庄#1）,serial-actor,identity,serial-offenders,2026-07-24,GME分析 appendix whale_group「小庄#1」,serial-offender,,,2026-07-15,2026-07-24,,
0x6d8ac75d911bf7339fcf414ea79ae1edde18dabc,robinhood,惯犯庄家（BEGGAR案·离场庄#1）+CASHCAT案,serial-actor,identity,serial-offenders,2026-07-24,BEGGAR分析 appendix whale_group「离场庄#1」；CASHCAT分析 appendix whale_group「项目方（旧庄#1·工作室核心，标准迁移）」（人工白名单：记忆存档实锤工作室）,serial-offender,,,2026-07-17,2026-07-24,,
0x720d53592028cd1f58fa6aee7bf6d62eeae195bd,robinhood,协同建仓组（TRASH案·d5ff网·归集注资器）,serial-actor,identity,serial-offenders,2026-07-17,TRASH 07-17增量更新 appendix group「d5ff网」,serial-offender,,,,,,
0x73976a95bc1746cd5b3c1fadd0ea35860693bedd,robinhood,惯犯庄家（TRASH案·庄#4·e0e889母钱包簇(9址)·gas同源）,serial-actor,identity,serial-offenders,2026-07-24,TRASH分析 appendix whale_group「庄#4·e0e889母钱包簇(9址)·gas同源·基本离场」,serial-offender,,,2026-07-17,2026-07-24,,
0x74b0dfb656934abc3f13cd192efda9c8a301767a,robinhood,惯犯庄家（MEOW案·项目方）,serial-actor,identity,serial-offenders,2026-07-24,meow分析 appendix whale_group「项目方」（人工白名单：记忆存档实锤工作室）,serial-offender,,,2026-07-15,2026-07-24,,
0x7980549ee1ffee7d545ee990c3b6847e1d61c0ce,robinhood,惯犯庄家（Pointless案·狙击集团#3·4ef8系）,serial-actor,identity,serial-offenders,2026-07-24,Pointless分析 appendix whale_group「狙击集团#3·4ef8系」,serial-offender,,,block 1173,2026-07-24,,
0x79ae7f0eccf445692855b56aa672e3087dcd16e7,robinhood,惯犯庄家（TRASH案·庄#1·多地址协同·拍卖集团(19址)·离场庄(）,serial-actor,identity,serial-offenders,2026-07-24,TRASH分析 appendix whale_group「庄#1·多地址协同·拍卖集团(19址)·离场庄(窗口回场吸筹)」,serial-offender,,,2026-07-17,2026-07-24,,
0x79e3a5bb91ec7d8dcb3b8b96625a549eff5738f4,robinhood,惯犯庄家（CASHCAT案·狙击集团#2（旧庄#3·0x79e3供养星座，标）,serial-actor,identity,serial-offenders,2026-07-24,CASHCAT分析 appendix whale_group「狙击集团#2（旧庄#3·0x79e3供养星座，标准迁移）」,serial-offender,,,2026-07-15,2026-07-24,,
0x7a3f86fdc5b356c4c2357650d31c0b84826c638a,robinhood,惯犯庄家（MEOW案·项目方）,serial-actor,identity,serial-offenders,2026-07-24,meow分析 appendix whale_group「项目方」（人工白名单：记忆存档实锤工作室）,serial-offender,,,2026-07-15,2026-07-24,,
0x7e3ba68c49561aae7c23c1d20fef0f1d7615a3ad,robinhood,惯犯庄家（GME案·小庄#1）,serial-actor,identity,serial-offenders,2026-07-24,GME分析 appendix whale_group「小庄#1」,serial-offender,,,2026-07-15,2026-07-24,,
0x82e2ab3e2844d315609181b0154a3d30c69b2138,robinhood,惯犯庄家（TRASH案·庄#4·e0e889母钱包簇(9址)·gas同源）,serial-actor,identity,serial-offenders,2026-07-24,TRASH分析 appendix whale_group「庄#4·e0e889母钱包簇(9址)·gas同源·基本离场」,serial-offender,,,2026-07-17,2026-07-24,,
0x82fc58011d50bfda0dd10bbecab41803a7758939,robinhood,惯犯庄家（CASHCAT案·狙击集团#1（旧庄#2·0x9f49出纳星座，标）,serial-actor,identity,serial-offenders,2026-07-24,CASHCAT分析 appendix whale_group「狙击集团#1（旧庄#2·0x9f49出纳星座，标准迁移）」,serial-offender,,,2026-07-15,2026-07-24,,
0x83c31923311e5eeba4e25ff4722cbad41f8d5e68,robinhood,惯犯庄家（GME案·小庄#1）,serial-actor,identity,serial-offenders,2026-07-24,GME分析 appendix whale_group「小庄#1」,serial-offender,,,2026-07-15,2026-07-24,,
0x8556649fff1147f06f01a1e563334028c45a15fa,robinhood,惯犯庄家（TRASH案·庄#1·多地址协同·拍卖集团(19址)·离场庄(）,serial-actor,identity,serial-offenders,2026-07-24,TRASH分析 appendix whale_group「庄#1·多地址协同·拍卖集团(19址)·离场庄(窗口回场吸筹)」,serial-offender,,,2026-07-17,2026-07-24,,
0x86b9ad8fc7bec77c85913b0f80f69c2cfa129c3e,robinhood,惯犯庄家（MEOW案·狙击集团#2）,serial-actor,identity,serial-offenders,2026-07-24,meow分析 appendix whale_group「狙击集团#2」,serial-offender,,,2026-07-15,2026-07-24,,
0x8859f95d95cbd6e0f9c6e1e6b570b1aa4e5ccdf4,robinhood,惯犯庄家（BEGGAR案·离场庄#1）+CASHCAT案,serial-actor,identity,serial-offenders,2026-07-24,BEGGAR分析 appendix whale_group「离场庄#1」；CASHCAT分析 appendix whale_group「项目方（旧庄#1·工作室核心，标准迁移）」（人工白名单：记忆存档实锤工作室）,serial-offender,,,2026-07-17,2026-07-24,,
0x8a4eb4da7f948a43a50e5bc34ae8096895beb70b,robinhood,惯犯庄家（NOXA案·离场庄）,serial-actor,identity,serial-offenders,2026-07-24,NOXA分析 appendix whale_group「离场庄」,serial-offender,,,2026-07-15,2026-07-24,,
0x8c8f4aac2674ca967974f319bebe49342623b787,robinhood,协同建仓组（TRASH案·d5ff网·仓位B）,serial-actor,identity,serial-offenders,2026-07-17,TRASH 07-17增量更新 appendix group「d5ff网」,serial-offender,,,,,,
0x8e65cbcdc822968131b1e37e5cee02c9ce82ab21,robinhood,惯犯庄家（BEGGAR案·离场庄#1）+CASHCAT案,serial-actor,identity,serial-offenders,2026-07-24,BEGGAR分析 appendix whale_group「离场庄#1」；CASHCAT分析 appendix whale_group「项目方（旧庄#1·工作室核心，标准迁移）」（人工白名单：记忆存档实锤工作室）,serial-offender,,,2026-07-17,2026-07-24,,
0x911a141d1670f3f053ef82e8ce25bd428a3d9e97,robinhood,惯犯庄家（TRASH案·庄#1·多地址协同·拍卖集团(19址)·离场庄(）,serial-actor,identity,serial-offenders,2026-07-24,TRASH分析 appendix whale_group「庄#1·多地址协同·拍卖集团(19址)·离场庄(窗口回场吸筹)」,serial-offender,,,2026-07-17,2026-07-24,,
0x930af2576a5f5859e32ea67a77aae55c61befd39,robinhood,惯犯庄家（CASHCAT案·项目方（旧庄#1·工作室核心，标准迁移））,serial-actor,identity,serial-offenders,2026-07-24,CASHCAT分析 appendix whale_group「项目方（旧庄#1·工作室核心，标准迁移）」（人工白名单：记忆存档实锤工作室）,serial-offender,,,2026-07-15,2026-07-24,,
0x93f086e1ede295fb83b9ef9b30f3d2edda961f9a,robinhood,惯犯庄家（TRASH案·庄#1·多地址协同·拍卖集团(19址)·离场庄(）,serial-actor,identity,serial-offenders,2026-07-24,TRASH分析 appendix whale_group「庄#1·多地址协同·拍卖集团(19址)·离场庄(窗口回场吸筹)」,serial-offender,,,2026-07-17,2026-07-24,,
0x9963597a9246b39b13330992f571f8378c18c262,robinhood,协同建仓组（TRASH案·996网·主仓）,serial-actor,identity,serial-offenders,2026-07-17,TRASH 07-17增量更新 appendix group「996网」（同秒交错买+同秒归集+gas闭环、封闭自循环6址组）,serial-offender,,,,,,
0x9aac434f8cd42d008311c6ffdf6cf94c168c8bb1,robinhood,惯犯庄家（Pointless案·狙击集团#4·3807系）,serial-actor,identity,serial-offenders,2026-07-24,Pointless分析 appendix whale_group「狙击集团#4·3807系」,serial-offender,,,block 1173,2026-07-24,,
0x9d3ca3a3da4d033acee296d4c1829cc5143e0fae,robinhood,惯犯庄家（NOXA案·狙击集团）,serial-actor,identity,serial-offenders,2026-07-24,NOXA分析 appendix whale_group「狙击集团」,serial-offender,,,2026-07-15,2026-07-24,,
0x9e7f48edd653c49de7ffd800aee15ecaa5a2e163,robinhood,惯犯庄家（Pointless案·狙击集团#3·4ef8系）,serial-actor,identity,serial-offenders,2026-07-24,Pointless分析 appendix whale_group「狙击集团#3·4ef8系」,serial-offender,,,block 1173,2026-07-24,,
0x9ec2f5e65548f87e107aa61bec0a4c13ce6ba663,robinhood,惯犯庄家（TRASH案·庄#1·多地址协同·拍卖集团(19址)·离场庄(）,serial-actor,identity,serial-offenders,2026-07-24,TRASH分析 appendix whale_group「庄#1·多地址协同·拍卖集团(19址)·离场庄(窗口回场吸筹)」,serial-offender,,,2026-07-17,2026-07-24,,
0xa2d9051c139ec1ba9c4eb3cab1bbf5d313ea408d,robinhood,惯犯庄家（GME案·小庄#1）,serial-actor,identity,serial-offenders,2026-07-24,GME分析 appendix whale_group「小庄#1」,serial-offender,,,2026-07-15,2026-07-24,,
0xa3b2d9dedb0141ae065d436e9f3d593d20933a74,robinhood,惯犯庄家（CASHCAT案·项目方（旧庄#1·工作室核心，标准迁移））,serial-actor,identity,serial-offenders,2026-07-24,CASHCAT分析 appendix whale_group「项目方（旧庄#1·工作室核心，标准迁移）」（人工白名单：记忆存档实锤工作室）,serial-offender,,,2026-07-15,2026-07-24,,
0xa52dfc2f716c72a5e37757804a38a12ad0b9c7c6,robinhood,惯犯庄家（Pointless案·狙击集团#4·3807系）,serial-actor,identity,serial-offenders,2026-07-24,Pointless分析 appendix whale_group「狙击集团#4·3807系」,serial-offender,,,block 1173,2026-07-24,,
0xa6fd5976d726ddd758c98c56463fcfed5a152ffd,robinhood,惯犯庄家（Pointless案·狙击集团#3·4ef8系）,serial-actor,identity,serial-offenders,2026-07-24,Pointless分析 appendix whale_group「狙击集团#3·4ef8系」,serial-offender,,,block 1173,2026-07-24,,
0xa791004994963e2ef71c170371a1531893681d14,robinhood,惯犯庄家（TRASH案·庄#3·五胞胎狙击簇(5址)·gas同源·已离场）,serial-actor,identity,serial-offenders,2026-07-24,TRASH分析 appendix whale_group「庄#3·五胞胎狙击簇(5址)·gas同源·已离场」,serial-offender,,,2026-07-17,2026-07-24,,
0xa877266ac5f6dc5c84159ffc9fabd3eada472b90,robinhood,惯犯庄家（CASHCAT案·狙击集团#1（旧庄#2·0x9f49出纳星座，标）,serial-actor,identity,serial-offenders,2026-07-24,CASHCAT分析 appendix whale_group「狙击集团#1（旧庄#2·0x9f49出纳星座，标准迁移）」,serial-offender,,,2026-07-15,2026-07-24,,
0xa8e5ec980778357992b66be7a5f8d804e86ddd70,robinhood,惯犯庄家（CASHCAT案·项目方（旧庄#1·工作室核心，标准迁移））,serial-actor,identity,serial-offenders,2026-07-24,CASHCAT分析 appendix whale_group「项目方（旧庄#1·工作室核心，标准迁移）」（人工白名单：记忆存档实锤工作室）,serial-offender,,,2026-07-15,2026-07-24,,
0xa999171a1432c18ce403365acc2adfa5c2ec6091,robinhood,惯犯庄家（CASHCAT案·狙击集团#1（旧庄#2·0x9f49出纳星座，标）,serial-actor,identity,serial-offenders,2026-07-24,CASHCAT分析 appendix whale_group「狙击集团#1（旧庄#2·0x9f49出纳星座，标准迁移）」,serial-offender,,,2026-07-15,2026-07-24,,
0xab59b3f411de6ec506f5721bb34e8c573f679395,robinhood,惯犯庄家（TRASH案·庄#1·多地址协同·拍卖集团(19址)·离场庄(）,serial-actor,identity,serial-offenders,2026-07-24,TRASH分析 appendix whale_group「庄#1·多地址协同·拍卖集团(19址)·离场庄(窗口回场吸筹)」,serial-offender,,,2026-07-17,2026-07-24,,
0xabffc84ea2dc24d50dbdfcec6d57130bd7e8b281,robinhood,惯犯庄家（CASHCAT案·项目方（旧庄#1·工作室核心，标准迁移））,serial-actor,identity,serial-offenders,2026-07-24,CASHCAT分析 appendix whale_group「项目方（旧庄#1·工作室核心，标准迁移）」（人工白名单：记忆存档实锤工作室）,serial-offender,,,2026-07-15,2026-07-24,,
0xae9b2082c9ef1edc7dba94e7297a1ec00da6cbd1,robinhood,惯犯庄家（TRASH案·庄#3·五胞胎狙击簇(5址)·gas同源·已离场）,serial-actor,identity,serial-offenders,2026-07-24,TRASH分析 appendix whale_group「庄#3·五胞胎狙击簇(5址)·gas同源·已离场」,serial-offender,,,2026-07-17,2026-07-24,,
0xaf687d81db9e3ee4d2bb2132ada37e6138060f23,robinhood,惯犯庄家（CASHCAT案·项目方（旧庄#1·工作室核心，标准迁移））,serial-actor,identity,serial-offenders,2026-07-24,CASHCAT分析 appendix whale_group「项目方（旧庄#1·工作室核心，标准迁移）」（人工白名单：记忆存档实锤工作室）,serial-offender,,,2026-07-15,2026-07-24,,
0xafa0adb782345aaa73d9341f6b5c0da0afcedec6,robinhood,协同建仓组（TRASH案·996网·归集器）,serial-actor,identity,serial-offenders,2026-07-17,TRASH 07-17增量更新 appendix group「996网」,serial-offender,,,,,,
0xb28e2a18f20e706b7005d772838a28b27bbfbe9b,robinhood,惯犯庄家（CASHCAT案·项目方（旧庄#1·工作室核心，标准迁移））,serial-actor,identity,serial-offenders,2026-07-24,CASHCAT分析 appendix whale_group「项目方（旧庄#1·工作室核心，标准迁移）」（人工白名单：记忆存档实锤工作室）,serial-offender,,,2026-07-15,2026-07-24,,
0xb446f8df431b0740457f1c50aed0e993cf8dca3a,robinhood,惯犯庄家（GME案·小庄#1）,serial-actor,identity,serial-offenders,2026-07-24,GME分析 appendix whale_group「小庄#1」,serial-offender,,,2026-07-15,2026-07-24,,
0xb4be35f23d08e2a96721705dbfe098a71fdd6f23,robinhood,惯犯庄家（Pointless案·狙击集团#2·635e系）,serial-actor,identity,serial-offenders,2026-07-24,Pointless分析 appendix whale_group「狙击集团#2·635e系」,serial-offender,,,block 1173,2026-07-24,,
0xb85fb695acf67fc15c928399a50622d48b68c5e6,robinhood,惯犯庄家（CASHCAT案·狙击集团#1（旧庄#2·0x9f49出纳星座，标）,serial-actor,identity,serial-offenders,2026-07-24,CASHCAT分析 appendix whale_group「狙击集团#1（旧庄#2·0x9f49出纳星座，标准迁移）」,serial-offender,,,2026-07-15,2026-07-24,,
0xb8f8bc74215acae40aaac6d0b1621a72ffda8f44,robinhood,协同建仓组（TRASH案·996网·自循环出资位1）,serial-actor,identity,serial-offenders,2026-07-17,TRASH 07-17增量更新 appendix group「996网」,serial-offender,,,,,,
0xb988681d5aeab116ee3d3dae2319e3bc4dd5a0b0,robinhood,协同建仓组（TRASH案·d5ff网·仓位A）,serial-actor,identity,serial-offenders,2026-07-17,TRASH 07-17增量更新 appendix group「d5ff网」,serial-offender,,,,,,
0xba15c9a89d0744ebeaacd7edaf164f831a2916d8,robinhood,惯犯庄家（Pointless案·狙击集团#3·4ef8系）,serial-actor,identity,serial-offenders,2026-07-24,Pointless分析 appendix whale_group「狙击集团#3·4ef8系」,serial-offender,,,block 1173,2026-07-24,,
0xbd2d7f896cbf32de56165f605e461ae3b251496b,robinhood,惯犯庄家（Pointless案·狙击集团#3·4ef8系）,serial-actor,identity,serial-offenders,2026-07-24,Pointless分析 appendix whale_group「狙击集团#3·4ef8系」,serial-offender,,,block 1173,2026-07-24,,
0xbdea55e2c62bef1e0921287aa57ca3fc8f32cd64,robinhood,惯犯庄家（CASHCAT案·项目方（旧庄#1·工作室核心，标准迁移））,serial-actor,identity,serial-offenders,2026-07-24,CASHCAT分析 appendix whale_group「项目方（旧庄#1·工作室核心，标准迁移）」（人工白名单：记忆存档实锤工作室）,serial-offender,,,2026-07-15,2026-07-24,,
0xbe8af7e12b536ab55fbaf92edbb512972e0504da,robinhood,惯犯庄家（MEOW案·项目方）,serial-actor,identity,serial-offenders,2026-07-24,meow分析 appendix whale_group「项目方」（人工白名单：记忆存档实锤工作室）,serial-offender,,,2026-07-15,2026-07-24,,
0xc2ca1b0aa74e63f8e66ecb6ff609dd37888b1814,robinhood,惯犯庄家（CASHCAT案·项目方（旧庄#1·工作室核心，标准迁移））,serial-actor,identity,serial-offenders,2026-07-24,CASHCAT分析 appendix whale_group「项目方（旧庄#1·工作室核心，标准迁移）」（人工白名单：记忆存档实锤工作室）,serial-offender,,,2026-07-15,2026-07-24,,
0xc2f4f5bca58bf00c16048216f0385bfc103eb9da,robinhood,惯犯庄家（CASHCAT案·项目方（旧庄#1·工作室核心，标准迁移））,serial-actor,identity,serial-offenders,2026-07-24,CASHCAT分析 appendix whale_group「项目方（旧庄#1·工作室核心，标准迁移）」（人工白名单：记忆存档实锤工作室）,serial-offender,,,2026-07-15,2026-07-24,,
0xc36d22d76c2d4108144171c4deacbcc7a46118be,robinhood,惯犯庄家（MEOW案·狙击集团#1）,serial-actor,identity,serial-offenders,2026-07-24,meow分析 appendix whale_group「狙击集团#1」,serial-offender,,,2026-07-15,2026-07-24,,
0xc52fbb9c4a7373b85de6415f888e5e2e3f195176,robinhood,惯犯庄家（GME案·小庄#1）,serial-actor,identity,serial-offenders,2026-07-24,GME分析 appendix whale_group「小庄#1」,serial-offender,,,2026-07-15,2026-07-24,,
0xc60ff2907544c2009cfd3e37c13ab8238cad314b,robinhood,惯犯庄家（MEOW案·狙击集团#2）,serial-actor,identity,serial-offenders,2026-07-24,meow分析 appendix whale_group「狙击集团#2」,serial-offender,,,2026-07-15,2026-07-24,,
0xc9f00d80f2b9761540ffa03ee1f8d7694421c85f,robinhood,惯犯庄家（Pointless案·狙击集团#3·4ef8系）,serial-actor,identity,serial-offenders,2026-07-24,Pointless分析 appendix whale_group「狙击集团#3·4ef8系」,serial-offender,,,block 1173,2026-07-24,,
0xcad24661663d7f6c025e9f69c78c2eebd499288d,robinhood,惯犯庄家（Pointless案·狙击集团#1·ea57系）,serial-actor,identity,serial-offenders,2026-07-24,Pointless分析 appendix whale_group「狙击集团#1·ea57系」,serial-offender,,,block 1173,2026-07-24,,
0xcc0c581613dfd4ace7c8686668427236f8bd5cc5,robinhood,惯犯庄家（CASHCAT案·项目方（旧庄#1·工作室核心，标准迁移））,serial-actor,identity,serial-offenders,2026-07-24,CASHCAT分析 appendix whale_group「项目方（旧庄#1·工作室核心，标准迁移）」（人工白名单：记忆存档实锤工作室）,serial-offender,,,2026-07-15,2026-07-24,,
0xccb09e51823ae0c3655fbc4d5afc123980f8d913,robinhood,惯犯庄家（TRASH案·庄#1·多地址协同·拍卖集团(19址)·离场庄(）,serial-actor,identity,serial-offenders,2026-07-24,TRASH分析 appendix whale_group「庄#1·多地址协同·拍卖集团(19址)·离场庄(窗口回场吸筹)」,serial-offender,,,2026-07-17,2026-07-24,,
0xcdfc08a1c1fbafb355645e5ddc32122e5716ca90,robinhood,惯犯庄家（BEGGAR案·离场庄#1）+CASHCAT案+NOXA案,serial-actor,identity,serial-offenders,2026-07-24,BEGGAR分析 appendix whale_group「离场庄#1」；CASHCAT分析 appendix whale_group「项目方（旧庄#1·工作室核心，标准迁移）」（人工白名单：记忆存档实锤工作室）；NOXA分析 appendix whale_group「狙击集团」,serial-offender,,,2026-07-17,2026-07-24,,
0xce5b85c11047d74e63108e448ba7df5b188f3bad,robinhood,协同建仓组（TRASH案·vanity九胞胎族）,serial-actor,identity,serial-offenders,2026-07-17,TRASH 07-17增量更新 appendix group「vanity九胞胎族」,serial-offender,,,,,,
0xcfadbdddd572678f69732e40c4f44056f8ae7e13,robinhood,惯犯庄家（Pointless案·狙击集团#3·4ef8系）,serial-actor,identity,serial-offenders,2026-07-24,Pointless分析 appendix whale_group「狙击集团#3·4ef8系」,serial-offender,,,block 1173,2026-07-24,,
0xd0f437a14e9875d137404efe57f67d7417c2060c,robinhood,惯犯庄家（GME案·小庄#1）,serial-actor,identity,serial-offenders,2026-07-24,GME分析 appendix whale_group「小庄#1」,serial-offender,,,2026-07-15,2026-07-24,,
0xd2c6f05ae451160643027d28433e05758e31d83b,robinhood,惯犯庄家（TRASH案·庄#1·多地址协同·拍卖集团(19址)·离场庄(）,serial-actor,identity,serial-offenders,2026-07-24,TRASH分析 appendix whale_group「庄#1·多地址协同·拍卖集团(19址)·离场庄(窗口回场吸筹)」,serial-offender,,,2026-07-17,2026-07-24,,
0xd3995903169b36a1b359c7e04f258841645ce854,robinhood,惯犯庄家（TRASH案·庄#4·e0e889母钱包簇(9址)·gas同源）,serial-actor,identity,serial-offenders,2026-07-24,TRASH分析 appendix whale_group「庄#4·e0e889母钱包簇(9址)·gas同源·基本离场」,serial-offender,,,2026-07-17,2026-07-24,,
0xd5ff53f48f14e9409b581e41a4cddfe0e97dc724,robinhood,协同建仓组（TRASH案·d5ff网·资金树根）,serial-actor,identity,serial-offenders,2026-07-17,TRASH 07-17增量更新 appendix group「d5ff网」（币流+gas双重边5址网络、合并2.61%）,serial-offender,,,,,,
0xd818a1dd9d924e8adcbdb48fa537da72e0946c2a,robinhood,惯犯庄家（TRASH案·庄#3·五胞胎狙击簇(5址)·gas同源·已离场）,serial-actor,identity,serial-offenders,2026-07-24,TRASH分析 appendix whale_group「庄#3·五胞胎狙击簇(5址)·gas同源·已离场」,serial-offender,,,2026-07-17,2026-07-24,,
0xd874259110c6e086f1d2fee474b73e69b8f5dab0,robinhood,惯犯庄家（GME案·小庄#1）,serial-actor,identity,serial-offenders,2026-07-24,GME分析 appendix whale_group「小庄#1」,serial-offender,,,2026-07-15,2026-07-24,,
0xd8ba9e5886b7000bace2c9dbdd0be98ac77d4a28,robinhood,惯犯庄家（Index案·狙击集团）+TRASH案,serial-actor,identity,serial-offenders,2026-07-24,Index分析 appendix whale_group「狙击集团」；TRASH分析 appendix whale_group「庄#1·多地址协同·拍卖集团(19址)·离场庄(窗口回场吸筹)」,serial-offender,,,2026-07-17,2026-07-24,,
0xdbb8254ed9d90d92810f674adf5ab683fc89d3e0,robinhood,协同建仓组（TRASH案·996网·买手1）,serial-actor,identity,serial-offenders,2026-07-17,TRASH 07-17增量更新 appendix group「996网」,serial-offender,,,,,,
0xdd491fc2f498a8557539e0012b4f805b934f4316,robinhood,惯犯庄家（COMPUTE案·庄#1·0xDD49·双地址·静止重仓）,serial-actor,identity,serial-offenders,2026-07-24,COMPUTE分析 appendix whale_group「庄#1·0xDD49·双地址·静止重仓」,serial-offender,,,2026-07-12,2026-07-24,,
0xdde00b1559868463ae6a82778778f0463ff41432,robinhood,惯犯庄家（TRASH案·庄#4·e0e889母钱包簇(9址)·gas同源）,serial-actor,identity,serial-offenders,2026-07-24,TRASH分析 appendix whale_group「庄#4·e0e889母钱包簇(9址)·gas同源·基本离场」,serial-offender,,,2026-07-17,2026-07-24,,
0xde35c04f206f79a467e09836da9269810e59f6b6,robinhood,惯犯庄家（CASHCAT案·项目方（旧庄#1·工作室核心，标准迁移））,serial-actor,identity,serial-offenders,2026-07-24,CASHCAT分析 appendix whale_group「项目方（旧庄#1·工作室核心，标准迁移）」（人工白名单：记忆存档实锤工作室）,serial-offender,,,2026-07-15,2026-07-24,,
0xde4c44e841972c2c4db1b1e27a353340fe9899de,robinhood,惯犯庄家（CASHCAT案·狙击集团#1（旧庄#2·0x9f49出纳星座，标）,serial-actor,identity,serial-offenders,2026-07-24,CASHCAT分析 appendix whale_group「狙击集团#1（旧庄#2·0x9f49出纳星座，标准迁移）」,serial-offender,,,2026-07-15,2026-07-24,,
0xe06ac41b66bb1d9bfcfd270c10e437800ec36b10,robinhood,惯犯庄家（Pointless案·狙击集团#3·4ef8系）,serial-actor,identity,serial-offenders,2026-07-24,Pointless分析 appendix whale_group「狙击集团#3·4ef8系」,serial-offender,,,block 1173,2026-07-24,,
0xe26a708d230669077272a2c9c433f7df360140a1,robinhood,惯犯庄家（NOXA案·狙击集团）,serial-actor,identity,serial-offenders,2026-07-24,NOXA分析 appendix whale_group「狙击集团」,serial-offender,,,2026-07-15,2026-07-24,,
0xe45ee5afa2468d51089eed19d4f790264a2f5044,robinhood,惯犯庄家（Pointless案·狙击集团#2·635e系）,serial-actor,identity,serial-offenders,2026-07-24,Pointless分析 appendix whale_group「狙击集团#2·635e系」,serial-offender,,,block 1173,2026-07-24,,
0xe4976dfd198c56823bb938642158225b3dfe66e4,robinhood,惯犯庄家（COMPUTE案·离场庄·0xe497·单址狙击bot）,serial-actor,identity,serial-offenders,2026-07-24,COMPUTE分析 appendix whale_group「离场庄·0xe497·单址狙击bot」,serial-offender,,,2026-07-12,2026-07-24,,
0xe781b28e02ed5fc4b989905cb6848d318f4735fd,robinhood,惯犯庄家（CASHCAT案·狙击集团#1（旧庄#2·0x9f49出纳星座，标）,serial-actor,identity,serial-offenders,2026-07-24,CASHCAT分析 appendix whale_group「狙击集团#1（旧庄#2·0x9f49出纳星座，标准迁移）」,serial-offender,,,2026-07-15,2026-07-24,,
0xea572a21fc12da7929120ecbd964deef5e5a4f8f,robinhood,惯犯庄家（Pointless案·狙击集团#1·ea57系）,serial-actor,identity,serial-offenders,2026-07-24,Pointless分析 appendix whale_group「狙击集团#1·ea57系」,serial-offender,,,block 1173,2026-07-24,,
0xeb82f9cff07cefd9dc3de2c07be634cf502f8ffa,robinhood,惯犯庄家（NOXA案·离场庄）,serial-actor,identity,serial-offenders,2026-07-24,NOXA分析 appendix whale_group「离场庄」,serial-offender,,,2026-07-15,2026-07-24,,
0xeb877e7b5614b1ca58c6b00ec4ffcd248ed414ee,robinhood,惯犯庄家（CASHCAT案·狙击集团#1（旧庄#2·0x9f49出纳星座，标）,serial-actor,identity,serial-offenders,2026-07-24,CASHCAT分析 appendix whale_group「狙击集团#1（旧庄#2·0x9f49出纳星座，标准迁移）」,serial-offender,,,2026-07-15,2026-07-24,,
0xec7905496860989bb56fffd5f71faa466911663b,robinhood,惯犯庄家（NOXA案·狙击集团）,serial-actor,identity,serial-offenders,2026-07-24,NOXA分析 appendix whale_group「狙击集团」,serial-offender,,,2026-07-15,2026-07-24,,
0xece2d90a7276f767883b335a25df77e2620497b1,robinhood,惯犯庄家（CASHCAT案·项目方（旧庄#1·工作室核心，标准迁移））,serial-actor,identity,serial-offenders,2026-07-24,CASHCAT分析 appendix whale_group「项目方（旧庄#1·工作室核心，标准迁移）」（人工白名单：记忆存档实锤工作室）,serial-offender,,,2026-07-15,2026-07-24,,
0xeee29d1a6fa5873065ad8789c6e15231b48318a0,robinhood,惯犯庄家（BEGGAR案·离场庄#1）+CASHCAT案,serial-actor,identity,serial-offenders,2026-07-24,BEGGAR分析 appendix whale_group「离场庄#1」；CASHCAT分析 appendix whale_group「项目方（旧庄#1·工作室核心，标准迁移）」（人工白名单：记忆存档实锤工作室）,serial-offender,,,2026-07-17,2026-07-24,,
0xefd8950249a9eef6123daf08c8f474debb5efe7a,robinhood,惯犯庄家（MEOW案·狙击集团#2）,serial-actor,identity,serial-offenders,2026-07-24,meow分析 appendix whale_group「狙击集团#2」,serial-offender,,,2026-07-15,2026-07-24,,
0xf2a5ba8657ff609da873de442ed5509455453899,robinhood,惯犯庄家（CASHCAT案·项目方（旧庄#1·工作室核心，标准迁移））,serial-actor,identity,serial-offenders,2026-07-24,CASHCAT分析 appendix whale_group「项目方（旧庄#1·工作室核心，标准迁移）」（人工白名单：记忆存档实锤工作室）,serial-offender,,,2026-07-15,2026-07-24,,
0xf4c873f31e4e9a0d25c5b2a7a9b496306a2d9f62,robinhood,惯犯庄家（TRASH案·庄#1·多地址协同·拍卖集团(19址)·离场庄(）,serial-actor,identity,serial-offenders,2026-07-24,TRASH分析 appendix whale_group「庄#1·多地址协同·拍卖集团(19址)·离场庄(窗口回场吸筹)」,serial-offender,,,2026-07-17,2026-07-24,,
0xf4d846a1d6f96f004501197d9f25deffc909eb39,robinhood,惯犯庄家（CASHCAT案·项目方（旧庄#1·工作室核心，标准迁移））,serial-actor,identity,serial-offenders,2026-07-24,CASHCAT分析 appendix whale_group「项目方（旧庄#1·工作室核心，标准迁移）」（人工白名单：记忆存档实锤工作室）,serial-offender,,,2026-07-15,2026-07-24,,
0xf5b2b61f89fb6f2dd0e1bf1201b5c7eda873e0b9,robinhood,惯犯庄家（Pointless案·狙击集团#4·3807系）,serial-actor,identity,serial-offenders,2026-07-24,Pointless分析 appendix whale_group「狙击集团#4·3807系」,serial-offender,,,block 1173,2026-07-24,,
0xf622c2f9cf5936cb78ce07f948515294a9706fcc,robinhood,惯犯庄家（TRASH案·庄#2·创建者·单地址明牌(锁池+费抽水)）,serial-actor,identity,serial-offenders,2026-07-24,TRASH分析 appendix whale_group「庄#2·创建者·单地址明牌(锁池+费抽水)」,serial-offender,,,2026-07-17,2026-07-24,,
0xf7ecc5c41f61422a4083266e7da3ab4ac0e39962,robinhood,惯犯庄家（CASHCAT案·狙击集团#2（旧庄#3·0x79e3供养星座，标）,serial-actor,identity,serial-offenders,2026-07-24,CASHCAT分析 appendix whale_group「狙击集团#2（旧庄#3·0x79e3供养星座，标准迁移）」,serial-offender,,,2026-07-15,2026-07-24,,
0xf837a2aefbba2e6243130a314ca32f4e09e2922a,robinhood,惯犯庄家（TRASH案·庄#4·e0e889母钱包簇(9址)·gas同源）,serial-actor,identity,serial-offenders,2026-07-24,TRASH分析 appendix whale_group「庄#4·e0e889母钱包簇(9址)·gas同源·基本离场」,serial-offender,,,2026-07-17,2026-07-24,,
0xf9f845d12a5bb55f4e4a84ff1453b3f327457015,robinhood,惯犯庄家（CASHCAT案·项目方（旧庄#1·工作室核心，标准迁移））,serial-actor,identity,serial-offenders,2026-07-24,CASHCAT分析 appendix whale_group「项目方（旧庄#1·工作室核心，标准迁移）」（人工白名单：记忆存档实锤工作室）,serial-offender,,,2026-07-15,2026-07-24,,
0xfc40cca2caa8f9f8309386ef84b1265864cc5744,robinhood,惯犯庄家（CASHCAT案·项目方（旧庄#1·工作室核心，标准迁移））,serial-actor,identity,serial-offenders,2026-07-24,CASHCAT分析 appendix whale_group「项目方（旧庄#1·工作室核心，标准迁移）」（人工白名单：记忆存档实锤工作室）,serial-offender,,,2026-07-15,2026-07-24,,
0xfd062131d55ce2afd2b072051cbfa754203a07a4,robinhood,惯犯庄家（GME案·小庄#1）,serial-actor,identity,serial-offenders,2026-07-24,GME分析 appendix whale_group「小庄#1」,serial-offender,,,2026-07-15,2026-07-24,,
0xfd7e55a555555c2f25053a38ec744de1afea4fa4,robinhood,惯犯庄家（TRASH案·庄#1·多地址协同·拍卖集团(19址)·离场庄(）,serial-actor,identity,serial-offenders,2026-07-24,TRASH分析 appendix whale_group「庄#1·多地址协同·拍卖集团(19址)·离场庄(窗口回场吸筹)」,serial-offender,,,2026-07-17,2026-07-24,,
0xff3cd2f11c77288cdfbb3565fcee4ccd5c4b0b3b,robinhood,惯犯庄家（CASHCAT案·狙击集团#1（旧庄#2·0x9f49出纳星座，标）,serial-actor,identity,serial-offenders,2026-07-24,CASHCAT分析 appendix whale_group「狙击集团#1（旧庄#2·0x9f49出纳星座，标准迁移）」,serial-offender,,,2026-07-15,2026-07-24,,
0x0050991ec1a3714b1357dee80976bfb1da46d47c,robinhood,惯犯庄家（Index案·狙击集团）,serial-actor,identity,serial-offenders,2026-07-24,Index分析 appendix whale_group「狙击集团」,serial-offender,,,2026-07-17,2026-07-24,,
0x020017c8b121bfcc9a25ef80fd74c23742dbf336,robinhood,惯犯庄家（Index案·狙击集团）,serial-actor,identity,serial-offenders,2026-07-24,Index分析 appendix whale_group「狙击集团」,serial-offender,,,2026-07-17,2026-07-24,,
0x02be1f715ca3f66f0afe9897b7e4de44cd926256,robinhood,惯犯庄家（Index案·狙击集团）,serial-actor,identity,serial-offenders,2026-07-24,Index分析 appendix whale_group「狙击集团」,serial-offender,,,2026-07-17,2026-07-24,,
0x04ddd73040ba3ef121260b47fef0063a5c659330,robinhood,惯犯庄家（Index案·狙击集团）,serial-actor,identity,serial-offenders,2026-07-24,Index分析 appendix whale_group「狙击集团」,serial-offender,,,2026-07-17,2026-07-24,,
0x0718f8232448815339e38012c87d96e96a7d1d88,robinhood,惯犯庄家（Index案·狙击集团）,serial-actor,identity,serial-offenders,2026-07-24,Index分析 appendix whale_group「狙击集团」,serial-offender,,,2026-07-17,2026-07-24,,
0x07cc42a7ee622fb5a8a71ba373cdc289802c2e83,robinhood,惯犯庄家（Index案·狙击集团）,serial-actor,identity,serial-offenders,2026-07-24,Index分析 appendix whale_group「狙击集团」,serial-offender,,,2026-07-17,2026-07-24,,
0x08451801c0304da497f1c8c615f4ae87d0beee99,robinhood,惯犯庄家（Index案·狙击集团）,serial-actor,identity,serial-offenders,2026-07-24,Index分析 appendix whale_group「狙击集团」,serial-offender,,,2026-07-17,2026-07-24,,
0x0872adda905d8b3325266cd32f1a5285b20034c1,robinhood,惯犯庄家（Index案·狙击集团）,serial-actor,identity,serial-offenders,2026-07-24,Index分析 appendix whale_group「狙击集团」,serial-offender,,,2026-07-17,2026-07-24,,
0x09dc3c7418901089d3b9c67825d82424dee25f7d,robinhood,惯犯庄家（Index案·狙击集团）,serial-actor,identity,serial-offenders,2026-07-24,Index分析 appendix whale_group「狙击集团」,serial-offender,,,2026-07-17,2026-07-24,,
0x106022b035132e731ffb19651471e399b71b093d,robinhood,惯犯庄家（BEGGAR案·狙击集团）,serial-actor,identity,serial-offenders,2026-07-24,BEGGAR分析 appendix whale_group「狙击集团」,serial-offender,,,2026-07-17,2026-07-24,,
0x14e468e79d14606035a86a6b068a93beada853f8,robinhood,惯犯庄家（Index案·狙击集团）,serial-actor,identity,serial-offenders,2026-07-24,Index分析 appendix whale_group「狙击集团」,serial-offender,,,2026-07-17,2026-07-24,,
0x17a22320470b5b0e6e5633a01a9979497dbe53ad,robinhood,惯犯庄家（Index案·狙击集团）,serial-actor,identity,serial-offenders,2026-07-24,Index分析 appendix whale_group「狙击集团」,serial-offender,,,2026-07-17,2026-07-24,,
0x18a217a35aafc789d4c908f34c63552dcee7b5b2,robinhood,惯犯庄家（Index案·狙击集团）,serial-actor,identity,serial-offenders,2026-07-24,Index分析 appendix whale_group「狙击集团」,serial-offender,,,2026-07-17,2026-07-24,,
0x190b5b581e80db6a0213e6c993e9d082a54721a3,robinhood,惯犯庄家（Index案·狙击集团）,serial-actor,identity,serial-offenders,2026-07-24,Index分析 appendix whale_group「狙击集团」,serial-offender,,,2026-07-17,2026-07-24,,
0x19bb987c2357ced333beb27845af559b9999208a,robinhood,惯犯庄家（Index案·狙击集团）,serial-actor,identity,serial-offenders,2026-07-24,Index分析 appendix whale_group「狙击集团」,serial-offender,,,2026-07-17,2026-07-24,,
0x1b4f03245543d6e2be4e2779d8c6be993df512e5,robinhood,惯犯庄家（BEGGAR案·狙击集团）,serial-actor,identity,serial-offenders,2026-07-24,BEGGAR分析 appendix whale_group「狙击集团」,serial-offender,,,2026-07-17,2026-07-24,,
0x1b975315b4b254c9ce39a1b19e554bcde9b0d3a3,robinhood,惯犯庄家（Index案·狙击集团）,serial-actor,identity,serial-offenders,2026-07-24,Index分析 appendix whale_group「狙击集团」,serial-offender,,,2026-07-17,2026-07-24,,
0x1cd29401d9154c743d546250f77c0de301e1371f,robinhood,惯犯庄家（Index案·狙击集团）,serial-actor,identity,serial-offenders,2026-07-24,Index分析 appendix whale_group「狙击集团」,serial-offender,,,2026-07-17,2026-07-24,,
0x1f135172c595e4500663bd07b6e4c131187d50ef,robinhood,惯犯庄家（Index案·狙击集团）,serial-actor,identity,serial-offenders,2026-07-24,Index分析 appendix whale_group「狙击集团」,serial-offender,,,2026-07-17,2026-07-24,,
0x1f9a213e18b14b5b79915731bbaf9f3fc8f5d605,robinhood,惯犯庄家（Index案·狙击集团）,serial-actor,identity,serial-offenders,2026-07-24,Index分析 appendix whale_group「狙击集团」,serial-offender,,,2026-07-17,2026-07-24,,
0x22d5237ecd767efbcd84377e9d1f1548752c1360,robinhood,惯犯庄家（Index案·狙击集团）,serial-actor,identity,serial-offenders,2026-07-24,Index分析 appendix whale_group「狙击集团」,serial-offender,,,2026-07-17,2026-07-24,,
0x25af97786b4edb953874bf2deb1c96b089991534,robinhood,惯犯庄家（BEGGAR案·离场庄#1）,serial-actor,identity,serial-offenders,2026-07-24,BEGGAR分析 appendix whale_group「离场庄#1」,serial-offender,,,2026-07-17,2026-07-24,,
0x263f8b8f9f68e8bf74e2523a38ce9ab8fa2d0f79,robinhood,惯犯庄家（Index案·狙击集团）,serial-actor,identity,serial-offenders,2026-07-24,Index分析 appendix whale_group「狙击集团」,serial-offender,,,2026-07-17,2026-07-24,,
0x26ade8473b2c9f6a64d109b7259bc599da81b91b,robinhood,惯犯庄家（BEGGAR案·狙击集团）,serial-actor,identity,serial-offenders,2026-07-24,BEGGAR分析 appendix whale_group「狙击集团」,serial-offender,,,2026-07-17,2026-07-24,,
0x2891884c0820ddf29d0c917c03c7f16b69c0057d,robinhood,惯犯庄家（BEGGAR案·离场庄#1）,serial-actor,identity,serial-offenders,2026-07-24,BEGGAR分析 appendix whale_group「离场庄#1」,serial-offender,,,2026-07-17,2026-07-24,,
0x292dec9dbe85f574854b04eb24973d2dc3eee72f,robinhood,惯犯庄家（DUMBMONEY案·小庄#1）,serial-actor,identity,serial-offenders,2026-07-24,DUMBMONEY分析 appendix whale_group「小庄#1」,serial-offender,,,2026-07-17,2026-07-24,,
0x2af5726142562c79d739535903f7d34c6e02a8ca,robinhood,惯犯庄家（Index案·狙击集团）,serial-actor,identity,serial-offenders,2026-07-24,Index分析 appendix whale_group「狙击集团」,serial-offender,,,2026-07-17,2026-07-24,,
0x2ecdae85733d7a76a4388617f15326946de92df1,robinhood,惯犯庄家（Index案·狙击集团）,serial-actor,identity,serial-offenders,2026-07-24,Index分析 appendix whale_group「狙击集团」,serial-offender,,,2026-07-17,2026-07-24,,
0x2f6113d7a5dd0da94b4a099dbd797993582b1937,robinhood,惯犯庄家（Index案·狙击集团）,serial-actor,identity,serial-offenders,2026-07-24,Index分析 appendix whale_group「狙击集团」,serial-offender,,,2026-07-17,2026-07-24,,
0x31a4f8801db59bfd6715186421c65a14bdfc1763,robinhood,惯犯庄家（BEGGAR案·离场庄#1）,serial-actor,identity,serial-offenders,2026-07-24,BEGGAR分析 appendix whale_group「离场庄#1」,serial-offender,,,2026-07-17,2026-07-24,,
0x383d393dd793ab5a08b0925ef8e1d9c837b70ced,robinhood,惯犯庄家（Index案·狙击集团）,serial-actor,identity,serial-offenders,2026-07-24,Index分析 appendix whale_group「狙击集团」,serial-offender,,,2026-07-17,2026-07-24,,
0x38461ef923d9a7b24e7c092909f2eb23ba8ee3a0,robinhood,惯犯庄家（Index案·狙击集团）,serial-actor,identity,serial-offenders,2026-07-24,Index分析 appendix whale_group「狙击集团」,serial-offender,,,2026-07-17,2026-07-24,,
0x3c3dcc802640540dccde7a4fe0f28f9bf8a6a71f,robinhood,惯犯庄家（Index案·狙击集团）,serial-actor,identity,serial-offenders,2026-07-24,Index分析 appendix whale_group「狙击集团」,serial-offender,,,2026-07-17,2026-07-24,,
0x3c7705389bb2a3a5393695042f277ba1db4cc4e9,robinhood,惯犯庄家（Index案·狙击集团）,serial-actor,identity,serial-offenders,2026-07-24,Index分析 appendix whale_group「狙击集团」,serial-offender,,,2026-07-17,2026-07-24,,
0x3ef2bb3cc81a78ff84ffa6494a539a28e355758b,robinhood,惯犯庄家（Index案·狙击集团）,serial-actor,identity,serial-offenders,2026-07-24,Index分析 appendix whale_group「狙击集团」,serial-offender,,,2026-07-17,2026-07-24,,
0x41879300d96950bdb3f03992bdbb6d733649fb64,robinhood,惯犯庄家（BEGGAR案·离场庄#1）,serial-actor,identity,serial-offenders,2026-07-24,BEGGAR分析 appendix whale_group「离场庄#1」,serial-offender,,,2026-07-17,2026-07-24,,
0x4e27aa4220c2d2cbc9ba93200a90cd59d5f4f68d,robinhood,惯犯庄家（Index案·狙击集团）,serial-actor,identity,serial-offenders,2026-07-24,Index分析 appendix whale_group「狙击集团」,serial-offender,,,2026-07-17,2026-07-24,,
0x4f31f6403e313cf14c39c4614d2c0b24580c635a,robinhood,惯犯庄家（Index案·狙击集团）,serial-actor,identity,serial-offenders,2026-07-24,Index分析 appendix whale_group「狙击集团」,serial-offender,,,2026-07-17,2026-07-24,,
0x4f550d4ba6b6e94f7643f8f64430b6d02866d572,robinhood,惯犯庄家（Index案·狙击集团）,serial-actor,identity,serial-offenders,2026-07-24,Index分析 appendix whale_group「狙击集团」,serial-offender,,,2026-07-17,2026-07-24,,
0x4f89427e74056a25ed5485f50a18b1ef2b90944e,robinhood,惯犯庄家（Index案·狙击集团）,serial-actor,identity,serial-offenders,2026-07-24,Index分析 appendix whale_group「狙击集团」,serial-offender,,,2026-07-17,2026-07-24,,
0x5ea7820dcd97ed43e9075aa6982472c454554402,robinhood,惯犯庄家（Index案·狙击集团）,serial-actor,identity,serial-offenders,2026-07-24,Index分析 appendix whale_group「狙击集团」,serial-offender,,,2026-07-17,2026-07-24,,
0x61bf48e724718802193080ca73948680bd3c9bb0,robinhood,惯犯庄家（Index案·狙击集团）,serial-actor,identity,serial-offenders,2026-07-24,Index分析 appendix whale_group「狙击集团」,serial-offender,,,2026-07-17,2026-07-24,,
0x642e338c5abfa481c272c1a638d3f4fce61bb796,robinhood,惯犯庄家（Index案·狙击集团）,serial-actor,identity,serial-offenders,2026-07-24,Index分析 appendix whale_group「狙击集团」,serial-offender,,,2026-07-17,2026-07-24,,
0x6572bc35c620943da39822a0326fcc9793652e30,robinhood,惯犯庄家（Index案·狙击集团）,serial-actor,identity,serial-offenders,2026-07-24,Index分析 appendix whale_group「狙击集团」,serial-offender,,,2026-07-17,2026-07-24,,
0x65cafcd52055f287ffbda9f8c67dba6f93200ba8,robinhood,惯犯庄家（Index案·狙击集团）,serial-actor,identity,serial-offenders,2026-07-24,Index分析 appendix whale_group「狙击集团」,serial-offender,,,2026-07-17,2026-07-24,,
0x68783ce26215837359fc3e8c7cb59e93f2fb7236,robinhood,惯犯庄家（Index案·狙击集团）,serial-actor,identity,serial-offenders,2026-07-24,Index分析 appendix whale_group「狙击集团」,serial-offender,,,2026-07-17,2026-07-24,,
0x6e95d13d190a814aeaa864d5a19fce405654e4b8,robinhood,惯犯庄家（Index案·狙击集团）,serial-actor,identity,serial-offenders,2026-07-24,Index分析 appendix whale_group「狙击集团」,serial-offender,,,2026-07-17,2026-07-24,,
0x6ed177d63d32f379184481319c168672b35ea7ce,robinhood,惯犯庄家（Index案·狙击集团）,serial-actor,identity,serial-offenders,2026-07-24,Index分析 appendix whale_group「狙击集团」,serial-offender,,,2026-07-17,2026-07-24,,
0x6ee9d2bfc6a0e95b2f7d089d2535c26283354e43,robinhood,惯犯庄家（BEGGAR案·离场庄#1）,serial-actor,identity,serial-offenders,2026-07-24,BEGGAR分析 appendix whale_group「离场庄#1」,serial-offender,,,2026-07-17,2026-07-24,,
0x6fd2e7fa124b7d9d021935d1f99ded0d92dffaa8,robinhood,惯犯庄家（Index案·狙击集团）,serial-actor,identity,serial-offenders,2026-07-24,Index分析 appendix whale_group「狙击集团」,serial-offender,,,2026-07-17,2026-07-24,,
0x7123a1dea605ff14ddf768c66e47f7d17b85fdef,robinhood,惯犯庄家（Index案·狙击集团）,serial-actor,identity,serial-offenders,2026-07-24,Index分析 appendix whale_group「狙击集团」,serial-offender,,,2026-07-17,2026-07-24,,
0x71d1f92ba5b4e2754612bc253f0840f55e6d06be,robinhood,惯犯庄家（DUMBMONEY案·小庄#1）,serial-actor,identity,serial-offenders,2026-07-24,DUMBMONEY分析 appendix whale_group「小庄#1」,serial-offender,,,2026-07-17,2026-07-24,,
0x71f180e30425e09dafc4a90974266b57b3943b88,robinhood,惯犯庄家（DUMBMONEY案·小庄#1）,serial-actor,identity,serial-offenders,2026-07-24,DUMBMONEY分析 appendix whale_group「小庄#1」,serial-offender,,,2026-07-17,2026-07-24,,
0x72a7d7d063bd058de889ce47488c980e36d8ffd9,robinhood,惯犯庄家（DUMBMONEY案·小庄#1）,serial-actor,identity,serial-offenders,2026-07-24,DUMBMONEY分析 appendix whale_group「小庄#1」,serial-offender,,,2026-07-17,2026-07-24,,
0x73433a9a344823a4823320b3423bc92b5a695bd8,robinhood,惯犯庄家（Index案·狙击集团）,serial-actor,identity,serial-offenders,2026-07-24,Index分析 appendix whale_group「狙击集团」,serial-offender,,,2026-07-17,2026-07-24,,
0x7da8b5a80539a0f960c91ae0830a22a807edd739,robinhood,惯犯庄家（Index案·狙击集团）,serial-actor,identity,serial-offenders,2026-07-24,Index分析 appendix whale_group「狙击集团」,serial-offender,,,2026-07-17,2026-07-24,,
0x7f7724af5e5c896c7ac8cc2c7fa35f2fe8f3056a,robinhood,惯犯庄家（Index案·狙击集团）,serial-actor,identity,serial-offenders,2026-07-24,Index分析 appendix whale_group「狙击集团」,serial-offender,,,2026-07-17,2026-07-24,,
0x8130a7926fdec31453aa478c1db8f00ebcc35f41,robinhood,惯犯庄家（Index案·狙击集团）,serial-actor,identity,serial-offenders,2026-07-24,Index分析 appendix whale_group「狙击集团」,serial-offender,,,2026-07-17,2026-07-24,,
0x82c79e75ce3ae6d7b0784df2069dcd3fe64464cc,robinhood,惯犯庄家（Index案·狙击集团）,serial-actor,identity,serial-offenders,2026-07-24,Index分析 appendix whale_group「狙击集团」,serial-offender,,,2026-07-17,2026-07-24,,
0x83ba0aed984949cafb31bcb24addf76cd84bf1e3,robinhood,惯犯庄家（DUMBMONEY案·小庄#1）,serial-actor,identity,serial-offenders,2026-07-24,DUMBMONEY分析 appendix whale_group「小庄#1」,serial-offender,,,2026-07-17,2026-07-24,,
0x83e21b85a0678b62cd70498ef8b472aa80fdda3d,robinhood,惯犯庄家（Index案·狙击集团）,serial-actor,identity,serial-offenders,2026-07-24,Index分析 appendix whale_group「狙击集团」,serial-offender,,,2026-07-17,2026-07-24,,
0x8d948db4528b9b8c85db0a2e743401ef4a3f3e46,robinhood,惯犯庄家（Index案·狙击集团）,serial-actor,identity,serial-offenders,2026-07-24,Index分析 appendix whale_group「狙击集团」,serial-offender,,,2026-07-17,2026-07-24,,
0x90d55022a2833572e2a5842e34cef71b9299611b,robinhood,惯犯庄家（Index案·狙击集团）,serial-actor,identity,serial-offenders,2026-07-24,Index分析 appendix whale_group「狙击集团」,serial-offender,,,2026-07-17,2026-07-24,,
0x91801cca41bd2123cc566f724d0b9c87a66d661b,robinhood,惯犯庄家（DUMBMONEY案·小庄#1）,serial-actor,identity,serial-offenders,2026-07-24,DUMBMONEY分析 appendix whale_group「小庄#1」,serial-offender,,,2026-07-17,2026-07-24,,
0x9204455ee674f1c30da7e2c5aeca9d940fe52b59,robinhood,惯犯庄家（Index案·狙击集团）,serial-actor,identity,serial-offenders,2026-07-24,Index分析 appendix whale_group「狙击集团」,serial-offender,,,2026-07-17,2026-07-24,,
0x928ed45e143393d16c9ed18a0b6139a4162472c8,robinhood,惯犯庄家（Index案·狙击集团）,serial-actor,identity,serial-offenders,2026-07-24,Index分析 appendix whale_group「狙击集团」,serial-offender,,,2026-07-17,2026-07-24,,
0x95cb7cfd911d2307849e6b9ee565747fe6846682,robinhood,惯犯庄家（DUMBMONEY案·小庄#1）,serial-actor,identity,serial-offenders,2026-07-24,DUMBMONEY分析 appendix whale_group「小庄#1」,serial-offender,,,2026-07-17,2026-07-24,,
0x978b59bc39f7e71d2baa20f912df87226c704e59,robinhood,惯犯庄家（Index案·狙击集团）,serial-actor,identity,serial-offenders,2026-07-24,Index分析 appendix whale_group「狙击集团」,serial-offender,,,2026-07-17,2026-07-24,,
0x9891e2cc8eb7c188d8ce4969ce9de6da14a01f34,robinhood,惯犯庄家（Index案·狙击集团）,serial-actor,identity,serial-offenders,2026-07-24,Index分析 appendix whale_group「狙击集团」,serial-offender,,,2026-07-17,2026-07-24,,
0x996febe7407f1a706f62a898311123ecf9fc76a0,robinhood,惯犯庄家（BEGGAR案·离场庄#1）,serial-actor,identity,serial-offenders,2026-07-24,BEGGAR分析 appendix whale_group「离场庄#1」,serial-offender,,,2026-07-17,2026-07-24,,
0x9dbfded199ee3a6b291c223e65f97d387156aada,robinhood,惯犯庄家（Index案·狙击集团）,serial-actor,identity,serial-offenders,2026-07-24,Index分析 appendix whale_group「狙击集团」,serial-offender,,,2026-07-17,2026-07-24,,
0xa07c0ba78be732348a64fa264cf8026e79bab3d5,robinhood,惯犯庄家（Index案·狙击集团）,serial-actor,identity,serial-offenders,2026-07-24,Index分析 appendix whale_group「狙击集团」,serial-offender,,,2026-07-17,2026-07-24,,
0xa0d4048243d66b5b87ef8ff5ce22efb7eeb26a7a,robinhood,惯犯庄家（Index案·狙击集团）,serial-actor,identity,serial-offenders,2026-07-24,Index分析 appendix whale_group「狙击集团」,serial-offender,,,2026-07-17,2026-07-24,,
0xa201522b88bb24fe0c0f1adcef411b28a9e680b4,robinhood,惯犯庄家（Index案·狙击集团）,serial-actor,identity,serial-offenders,2026-07-24,Index分析 appendix whale_group「狙击集团」,serial-offender,,,2026-07-17,2026-07-24,,
0xa667a51bdcb32dabc8a9396a4523b5fef314ebe7,robinhood,惯犯庄家（Index案·狙击集团）,serial-actor,identity,serial-offenders,2026-07-24,Index分析 appendix whale_group「狙击集团」,serial-offender,,,2026-07-17,2026-07-24,,
0xaa744d48ccfb421b60cb6aa3b83b713e753efb70,robinhood,惯犯庄家（Index案·狙击集团）,serial-actor,identity,serial-offenders,2026-07-24,Index分析 appendix whale_group「狙击集团」,serial-offender,,,2026-07-17,2026-07-24,,
0xb4f1c7309f2139ce6da61455d20525a47310dd6f,robinhood,惯犯庄家（Index案·狙击集团）,serial-actor,identity,serial-offenders,2026-07-24,Index分析 appendix whale_group「狙击集团」,serial-offender,,,2026-07-17,2026-07-24,,
0xb5776f907a23e1883f6bb363f713b8602cb8d9cb,robinhood,惯犯庄家（Index案·狙击集团）,serial-actor,identity,serial-offenders,2026-07-24,Index分析 appendix whale_group「狙击集团」,serial-offender,,,2026-07-17,2026-07-24,,
0xb80dc4ed493a2ba4692b5d6303a19a64df3f5acc,robinhood,惯犯庄家（Index案·狙击集团）,serial-actor,identity,serial-offenders,2026-07-24,Index分析 appendix whale_group「狙击集团」,serial-offender,,,2026-07-17,2026-07-24,,
0xbb3b32e63f6b2d2605a5114416398fa3839328b8,robinhood,惯犯庄家（Index案·狙击集团）,serial-actor,identity,serial-offenders,2026-07-24,Index分析 appendix whale_group「狙击集团」,serial-offender,,,2026-07-17,2026-07-24,,
0xbd093d10c164a3c840a332debcd65defc7c4eba6,robinhood,惯犯庄家（Index案·狙击集团）,serial-actor,identity,serial-offenders,2026-07-24,Index分析 appendix whale_group「狙击集团」,serial-offender,,,2026-07-17,2026-07-24,,
0xbee5baccc945678e67949e0e45536b490febd63b,robinhood,惯犯庄家（Index案·狙击集团）,serial-actor,identity,serial-offenders,2026-07-24,Index分析 appendix whale_group「狙击集团」,serial-offender,,,2026-07-17,2026-07-24,,
0xc14387dbbe766c12a867b16c4bb7696cd0bf90d2,robinhood,惯犯庄家（Index案·狙击集团）,serial-actor,identity,serial-offenders,2026-07-24,Index分析 appendix whale_group「狙击集团」,serial-offender,,,2026-07-17,2026-07-24,,
0xc87ce42fc7871591970b230978401bb52079015a,robinhood,惯犯庄家（Index案·狙击集团）,serial-actor,identity,serial-offenders,2026-07-24,Index分析 appendix whale_group「狙击集团」,serial-offender,,,2026-07-17,2026-07-24,,
0xc89cafea2ff22e4ca6a32df91760371adce5468f,robinhood,惯犯庄家（Index案·狙击集团）,serial-actor,identity,serial-offenders,2026-07-24,Index分析 appendix whale_group「狙击集团」,serial-offender,,,2026-07-17,2026-07-24,,
0xcc43a95208bb2cb7caa6ed09e9bfa7cbf7ab5e8d,robinhood,惯犯庄家（Index案·狙击集团）,serial-actor,identity,serial-offenders,2026-07-24,Index分析 appendix whale_group「狙击集团」,serial-offender,,,2026-07-17,2026-07-24,,
0xced59329209a585d18375dbcb6a2093cf0f3d66e,robinhood,惯犯庄家（Index案·狙击集团）,serial-actor,identity,serial-offenders,2026-07-24,Index分析 appendix whale_group「狙击集团」,serial-offender,,,2026-07-17,2026-07-24,,
0xd3a2860f8a21c9648d1e4879b297d4fbcf257b5d,robinhood,惯犯庄家（Index案·狙击集团）,serial-actor,identity,serial-offenders,2026-07-24,Index分析 appendix whale_group「狙击集团」,serial-offender,,,2026-07-17,2026-07-24,,
0xd4c0b1d1c2bdf8117f4edda46d8c748b966b2d6c,robinhood,惯犯庄家（Index案·狙击集团）,serial-actor,identity,serial-offenders,2026-07-24,Index分析 appendix whale_group「狙击集团」,serial-offender,,,2026-07-17,2026-07-24,,
0xd6667cae26f5ddb30b2dc6435f273d58ea0391cc,robinhood,惯犯庄家（Index案·狙击集团）,serial-actor,identity,serial-offenders,2026-07-24,Index分析 appendix whale_group「狙击集团」,serial-offender,,,2026-07-17,2026-07-24,,
0xd7a40663b0f8e70a7335714c88b1ac10edc276ff,robinhood,惯犯庄家（Index案·狙击集团）,serial-actor,identity,serial-offenders,2026-07-24,Index分析 appendix whale_group「狙击集团」,serial-offender,,,2026-07-17,2026-07-24,,
0xd8e562b0dba24ad46e36db4e36dfad808165a631,robinhood,惯犯庄家（Index案·狙击集团）,serial-actor,identity,serial-offenders,2026-07-24,Index分析 appendix whale_group「狙击集团」,serial-offender,,,2026-07-17,2026-07-24,,
0xdda895eeecaef2893c0c761e08a4f289174422f5,robinhood,惯犯庄家（Index案·狙击集团）,serial-actor,identity,serial-offenders,2026-07-24,Index分析 appendix whale_group「狙击集团」,serial-offender,,,2026-07-17,2026-07-24,,
0xe580efb00792234034962e5f167749b4491539e9,robinhood,惯犯庄家（Index案·狙击集团）,serial-actor,identity,serial-offenders,2026-07-24,Index分析 appendix whale_group「狙击集团」,serial-offender,,,2026-07-17,2026-07-24,,
0xe60dac30d44eaf19542ac0d4f260b1afd0b844aa,robinhood,惯犯庄家（Index案·狙击集团）,serial-actor,identity,serial-offenders,2026-07-24,Index分析 appendix whale_group「狙击集团」,serial-offender,,,2026-07-17,2026-07-24,,
0xe6accfe9eb7c187b1961137577cba6d5914d2eed,robinhood,惯犯庄家（Index案·狙击集团）,serial-actor,identity,serial-offenders,2026-07-24,Index分析 appendix whale_group「狙击集团」,serial-offender,,,2026-07-17,2026-07-24,,
0xec6971271629ab72845c90f23e51990676383da8,robinhood,惯犯庄家（Index案·狙击集团）,serial-actor,identity,serial-offenders,2026-07-24,Index分析 appendix whale_group「狙击集团」,serial-offender,,,2026-07-17,2026-07-24,,
0xee85661316b568e53afa31a1c7ee56955f02c8e6,robinhood,惯犯庄家（Index案·狙击集团）,serial-actor,identity,serial-offenders,2026-07-24,Index分析 appendix whale_group「狙击集团」,serial-offender,,,2026-07-17,2026-07-24,,
0xf37027568ac0c3cd614456cc943804562c4945b4,robinhood,惯犯庄家（Index案·狙击集团）,serial-actor,identity,serial-offenders,2026-07-24,Index分析 appendix whale_group「狙击集团」,serial-offender,,,2026-07-17,2026-07-24,,
0xf3ec1f739adec2e8101f6b532d37ff6c895b9ed4,robinhood,惯犯庄家（Index案·狙击集团）,serial-actor,identity,serial-offenders,2026-07-24,Index分析 appendix whale_group「狙击集团」,serial-offender,,,2026-07-17,2026-07-24,,
0xf46c6da54051e2c9478d3a9555ee8b7e39ead449,robinhood,惯犯庄家（Index案·狙击集团）,serial-actor,identity,serial-offenders,2026-07-24,Index分析 appendix whale_group「狙击集团」,serial-offender,,,2026-07-17,2026-07-24,,
0xf5533a891ebe1c507d7b5dda10de9916cd24261c,robinhood,惯犯庄家（Index案·狙击集团）,serial-actor,identity,serial-offenders,2026-07-24,Index分析 appendix whale_group「狙击集团」,serial-offender,,,2026-07-17,2026-07-24,,
0xfda5d29db4c94cbc8e7b793db48771dee86865a3,robinhood,惯犯庄家（DUMBMONEY案·小庄#1）,serial-actor,identity,serial-offenders,2026-07-24,DUMBMONEY分析 appendix whale_group「小庄#1」,serial-offender,,,2026-07-17,2026-07-24,,
0xfdeafcf26efef3499cf56c9ce8765ed453b5c042,robinhood,惯犯庄家（Index案·狙击集团）,serial-actor,identity,serial-offenders,2026-07-24,Index分析 appendix whale_group「狙击集团」,serial-offender,,,2026-07-17,2026-07-24,,
0xfdfac5700c28661646255f1c7ce137f70943e9d0,robinhood,惯犯庄家（Index案·狙击集团）,serial-actor,identity,serial-offenders,2026-07-24,Index分析 appendix whale_group「狙击集团」,serial-offender,,,2026-07-17,2026-07-24,,
